Train,From,Class,Engine,Destination,1,2,3,4,5,6,7,8,9,10,11,12,200,13,14,15,16,17,18,19,20,21,22,23,24,25,26,27,28,29,30,205,31,204,32,33,34,35,36,37,38,39,40,41,201,42,203,43,44,45,46,47,202,48,49,50,51,52,53,54,55,56,57,58,59,60,61,62,63,64,65,66,67,68,69,70,71,72,73,74,75,76,77,78,79,80,81
00:25,Victoria,Pass,EMU,OFF MAP,S00.25,,P00.28,,S00.31,,S00.35,,,S00.38,S00.40,S00.44,,S00.46,,,T00.48,,,,,,,,,,,,,,,,,,,,,,,,,,,,,,,,,,,,,,,,,,,,,,,,,,,,,,,,,,,,,,,,,,,,,,
00:40,SnodLand,Goods,T2-6-4,Snowdown,,,,,,,,,,,,,,,,,,,,,,,,,,,,,,,,,,,,,,S02.35,,,P02.40,,P02.45,P02.50,,S03.07,,P,P,,P,,,P03.25,P,P,,S03.50,,,,,,,,,,,,,,,P,P04.30,P,P,P,T04.50,,,,,,,,,
00:56,Queen Borough,Goods,C0-6-0,Faversham,,,,,,,,,,,,,,,,,,,,,,,,,,,,,,,,,,,,,,,,,,,,,,,,,,P01.35,P01.37,S02.26,,,S02.55,P,T03.10,,,,,,,,,,,,,,,,,,,,,,,,,,S00.56,P,S01.25,P,P
01:00,BLA,Goods,N2-6-0,Queenborough,,,,,,,,,,,,,,,,,,,,,,,,,,,P01.39,P01.49,,P,P,,P,,P02.11,P,P,P02.23,S03.45,,P03.47,,P03.50,P03.58,,P04.05,,P04.11,P04.14,P04.16,,,,,,,,,,,,,,,,,,,,,,,,,,,,,,,,,,,,,
01:10,BLA,Goods,N2-6-0,Ramsgate,,,,,,,,,,,,,,,,,,,,,,,,,,,P01.58,P02.06,,P,P,,P,,P02.29,P,P,P,,,P02.43,S02.53,,S03.25,,P,,P,P,,P,,,P03.45,P,P,S04.20,,P,P,P,P04.41,P,P,P,P,,S06.50,P,P,T07.00,,,,,,,,,,,,,,,,
01:15,Holbourn V,Pass,EMU,Orpington,,,,,,,,,,,,,,,,,,,,S00.43,,S00.46,,S00.49,T00.50,,,,,,,,,,,,,,,,,,,,,,,,,,,,,,,,,,,,,,,,,,,,,,,,,,,,,,,,,,,,,,
01:20,Holbourn V,Pass,EMU,Orpington,,,,,,,S01.35,,,S01.37,P,S01.42,,S01.44,,,S01.48,,S01.51,,S01.53,,S01.56,,T01.57,,,,,,,,,,,,,,,,,,,,,,,,,,,,,,,,,,,,,,,,,,,,,,,,,,,,,,,,,,,,,,
01:25,Chatham,Goods,C0-6-0,Gillingham,,,,,,,,,,,,,,,,,,,,,,,,,,,,,,,,,,,,,,,S01.25,,P01.27,S01.40,,,T01.50,,,,,,,,,,,,,,,,,,,,,,,,,,,,,,,,,,,,,,,,,,
01:35,Herne Hill,Goods,,Faversham,,,,,,,S01.35,,,P,P,P,,P,,,P01.57,,,P02.03,,P02.07,,P02.14,,,P02.21,P02.29,,P,P,,P,,P02.54,P,P,P,S03.24,,,,,S03.44,,P,,P,P,,P,S04.30,,,P,P,T04.45,,,,,,,,,,,,,,,,,,,,,,,,,,,,,,
01:50,Herne Hill,Goods,,Farningham Rd,,,,,,,S01.50,,,P,P,P,,,P,,P02.12,,,P02.18,,P02.22,,P02.29,,,P02.32,S02.57,,T03.07,,,,,,,,,,,,,,,,,,,,,,,,,,,,,,,,,,,,,,,,,,,,,,,,,,,,,,,,,
01:51,Holbourn V,Pass,EMU,Orpington,,,,,,,,,,,,,,,,,,,S02.19,,S02.23,,S02.26,,T02.28,,,,,,,,,,,,,,,,,,,,,,,,,,,,,,,,,,,,,,,,,,,,,,,,,,,,,,,,,,,,,,
02:20,Blackfriars,Pass,EMU,Orpington,,,,,,,,S02.30,,S02.33,P,S02.38,,,S02.40,,S02.42,,,S02.46,,S02.48,,S02.51,T02.52,,,,,,,,,,,,,,,,,,,,,,,,,,,,,,,,,,,,,,,,,,,,,,,,,,,,,,,,,,,,,,
02:50,Herne Hill,Goods,C0-6-0,OFF MAP,,,,,,,S02.50,,,P,P,,S04.08,,P,,P04.15,,,P04.20,,T04.25,,,,,,,,,,,,,,,,,,,,,,,,,,,,,,,,,,,,,,,,,,,,,,,,,,,,,,,,,,,,,,,,,
03:00,Holbourn V,Pass,EI4-4-0,Ramsgate,,,,,,,,,,,,,,,,,,,,,,,,,,,,,,,,,,,,,,P04.17,,,S04.19,,S04.25,S04.30,,P,,P,P,,P,,,S04.45,P,P,,S04.59,P,S05.12,P,S05.23,P,P,S05.35,S05.41,S05.54,,S06.00,S06.07,,T06.10,,,,,,,,,,,,,,,
03:10,Hither Green,Goods,C0-6-0,Ashford,,,,,,,,,,,,,,,,,,,,,,,,,,,P03.34,,T03.44,,,,,,,,,,,,,,,,,,,,,,,,,,,,,,,,,,,,,,,,,,,,,,,,,,,,,,,,,,
03:15,Holbourn V,Pass,EMU,Orpington,,,,,,,,S03.28,,S03.30,P,S03.35,,S03.37,,,S03.39,,S03.42,,S03.45,,S03.48,,T03.50,,,,,,,,,,,,,,,,,,,,,,,,,,,,,,,,,,,,,,,,,,,,,,,,,,,,,,,,,,,,,,
03:30,Victoria,Parcels,BRS4-6-0,Ramsgate,S03.30,P,P,,P,,,P03.40,,P,P,P,,,P,,P03.50,,,P,,P,,P03.58,,,P03.59,P04.05,,P,P,,P,,P04.22,P,P04.27,P04.31,,S04.46,,S04.54,,S05.03,,P,,P,P,,P,,S05.20,,P,P,S05.36,,P,S05.46,P,S06.13,P,P,S06.25,S06.34,,S07.10,S07.17,P,T07.31,,,,,,,,,,,,,,,,
03:58,Chatham,Goods,N2-6-0,Deal,,,,,,,,,,,,,,,,,,,,,,,,,,,,,,,,,,,,,,,S03.58,,P04.01,,P04.05,P04.10,,,S04.50,P04.56,P,,P,,S05.40,,P,P05.46,S05.55/07.40,,P,P,P,P08.00,P,P,P08.25,P08.39,P08.44,,,,,T09.05,,,,,,,,,,,,,,,
04:05,Hither Green,Goods,C0-6-0,Gravesend,,,,,,,,,,,,,,,,,,,,,,,,,,,S04.38,P,,S05.03,S05.15,,S05.33,,,,,,,,,,,,,,,,,,,,,,,,,,,,,,,,,,,,,,,,,,,,,,,,,,,,,,
04:21,Strood,News,H0-4-4T,Gillingham,,,,,,,,,,,,,,,,,,,,,,,,,,,,,,,,,,,,,,P04.23,,,S04.27,,S04.35,,T04.39,,,,,,,,,,,,,,,,,,,,,,,,,,,,,,,,,,,,,,,,,,
04:50,Holbourn V,Pass,EMU,Orpington,,,,,,,,S05.03,,S05.05,S05.08,S05.11,,,S05.13,,S05.17,,,S05.21,S05.24/05.26,,,P,,,T05.31,,,,,,,,,,,,,,,,,,,,,,,,,,,,,,,,,,,,,,,,,,,,,,,,,,,,,,,,,,,,
04:52,Victoria,Pass,EMU,??,S04.52,P,P,,P,,,P04.58,,T05.00,,,,,,,,,,,,,,,,,,,,,,,,,,,,,,,,,,,,,,,,,,,,,,,,,,,,,,,,,,,,,,,,,,,,,,,,,,,,,
05:00,Charing Cross,Pass,EMU,Gillingham,,,,,,,,,,,,,,,,,,,,,,,,,,,,,,,,,,,,,,P06.23,,,S06.25,,S06.28/06.30,,T06.33,,,,,,,,,,,,,,,,,,,,,,,,,,,,,,,,,,,,,,,,,,
05:00,Holbourn V,Pass,EMU,Sevenoaks,,,,,,,,,,,,,,,,,,,S05.29,,S05.32,,S05.35,P,,,S05.40,,T05.45,,,,,,,,,,,,,,,,,,,,,,,,,,,,,,,,,,,,,,,,,,,,,,,,,,,,,,,,,,
05:05,Faversham,Pass,U-2-6-0,Dover,,,,,,,,,,,,,,,,,,,,,,,,,,,,,,,,,,,,,,,,,,,,,,,,,,,,,,,,,,S05.05,,,,,,,,,,,,,,,P,S05.26,P,S05.36,P,S05.42,S05.47,S05.55,T06.00,,,,,,
05:10,Victoria,Pass,BRS4-6-0,Ramsgate,S05.10,P,P,,P,,,S05.22,,P,P,P,,,P,,P05.31,,,P05.33,,S05.35/05.40,,P05.45,,,P,S05.55,,P,P,,P,,S06.18,P,P06.23,P06.27,,,S06.28/06.31,,S06.33/06.38,S06.42/06.44,,S06.51,,S06.57,P,,P,,,S07.03/07.06,P,S07.13,,S07.21/07.29,P,S07.39,S07.47,S07.52/07.55,P,P,S08.07,S08.13,S08.19/08.24,,S08.32,S08.39,,T08.42,,,,,,,,,,,,,,,
05:12,Margate,Pass,L4-4-0,Canterbury,,,,,,,,,,,,,,,,,,,,,,,,,,,,,,,,,,,,,,,,,,,,,,,,,,,,,,,,,,,,,,,,,,,S05.12,,S05.22,S05.26,,T05.29,,,,,,,,,,,,,,,
05:20,Gillingham,Goods,C0-6-0,Murston,,,,,,,,,,,,,,,,,,,,,,,,,,,,,,,,,,,,,,,,,,,,S05.20,,,S05.26/06.15,S06.23/07.05,P,,P,S07.15/07.25,,,P,T07.35,,,,,,,,,,,,,,,,,,,,,,,,,,,,,,,
05:23,Herne Hill,Goods,N2-6-0,Sole street,,,,,,,S05.23,,,,,,,,,,P05.45,,,P05.50,,,,,,,P06.09,P06.17,,,,,,S06.42/07.40,,,,P07.50,S08.00/08.55,P08.57,,P09.00,,P09.08,,,,,,,,,T09.30,,,,,,,,,,,,,,,,,,,,,,,,,,,,,,,,,,
05:24,Charing Cross,Pass,EMU,Gillingham,,,,,,,,,,,,,,,,,,,,,,,,,,,,,,,,,,,,,,P06.39,,,S06.40/06.41,,S06.43/06.45,,T06.48,,,,,,,,,,,,,,,,,,,,,,,,,,,,,,,,,,,,,,,,,,
05:27,Strood,Pass,EMU,Gillingham,,,,,,,,,,,,,,,,,,,,,,,,,,,,,,,,,,,,,,P05.29,,,S05.31,S05.32/05.34,,,T05.37,,,,,,,,,,,,,,,,,,,,,,,,,,,,,,,,,,,,,,,,,,
05:30,Hoo Junction,Goods,C0-6-0,Gillingham,,,,,,,,,,,,,,,,,,,,,,,,,,,,,,,,,,,,,,P05.47,S05.50/07.16,,P07.20,,P07.24,P07.32,,,,,,,,,,,,,,,,,,,,,,,,,,,,,,,,,,,,,,,,,,,
05:30,Margate,Pass,2-6-4T,Ashford,,,,,,,,,,,,,,,,,,,,,,,,,,,,,,,,,,,,,,,,,,,,,,,,,,,,,,,,,,,,,,,,,,,S05.30,,S05.37,S05.41,,T05.44,,,,,,,,,,,,,,,
05:31,Sheerness,Pass,T2-6-2,Sittingbourne,,,,,,,,,,,,,,,,,,,,,,,,,,,,,,,,,,,,,,,,,,,,,,,,,,P05.51,P05.53,T05.54,,,,,,,,,,,,,,,,,,,,,,,,,,,,,,S05.31,S05.37,S05.43,P,S05.47,P
05:37,Beck Junc,Pass,EMU,Orpington,,,,,,,,,,,,,,,,,S05.37,,,P05.41,,S05.43/05.52,,S05.55,P05.57,,,,,,,,,,,,,,,,,,,,,,,,,,,,,,,,,,,,,,,,,,,,,,,,,,,,,,,,,,,,,,
05:37,Cannon Street,Pass,EMU,Gillingham,,,,,,,,,,,,,,,,,,,,,,,,,,,,,,,,,,,,,,P06.39,,,S06.40/06.41,,S06.43/06.45,,T06.48,,,,,,,,,,,,,,,,,,,,,,,,,,,,,,,,,,,,,,,,,,
05:44,Victoria,Pass,EMU,Sevenoaks,S05.44,P,P,,S05.50,,,S05.52,,S05.55,S05.57,S06.00,,,S06.02,,S06.04,,,S06.07,,S06.08/06.09,,S06.12,,,S06.17,,T06.22,,,,,,,,,,,,,,,,,,,,,,,,,,,,,,,,,,,,,,,,,,,,,,,,,,,,,,,,,,
05:45,Chatham,Pass,T2-6-2,Faversham,,,,,,,,,,,,,,,,,,,,,,,,,,,,,,,,,,,,,,,,,,,S05.45,S05.50,,S05.56,,S06.02,P,,P,S06.08/06.16,,,P,S06.23,T06.31,,,,,,,,,,,,,,,,,,,,,,,,,,,,,,
05:50,Cannon Street,Pass,E 4-4-0,Dover,,,,,,,,,,,,,,,,,,,,,,,,,,,,,,,,,,,,,,P07.09,,,S07.10/07.11,,S07.13/07.19,S07.23/07.25,,S07.31,,S07.37,P,,P,,,S07.43/07.46,,S07.54,,S08.02/08.13,,,,,,,,,,,,,,,S08.20,S08.31/08.34,S08.40,S08.46,S08.50,S08.54,S08.59,S09.06,T09.11,,,,,,
05:51,Holbourn V,Pass,EMU,Orpington,,,,,,,,,,,,,,,,,,,,S06.20,,S06.21/06.22,,S06.25,T06.27,,,,,,,,,,,,,,,,,,,,,,,,,,,,,,,,,,,,,,,,,,,,,,,,,,,,,,,,,,,,,,
06:00,Holbourn V,Pass,EMU,Maidstone,,,,,,P06.12,,,,,,,,,,,S06.22,,,,,S06.26/06.28,,P06.31,,,P06.32,S06.37,T06.39,,,,,,,,,,,,,,,,,,,,,,,,,,,,,,,,,,,,,,,,,,,,,,,,,,,,,,,,,,
06:09,Cannon St,Pass,EMU,Gillingham,,,,,,,,,,,,,,,,,,,,,,,,,,,,,,,,,,,,,,P07.30,,,S07.31/07.32,,S07.34/07.36,,T07.39,,,,,,,,,,,,,,,,,,,,,,,,,,,,,,,,,,,,,,,,,,
06:10,Strood,Pass,EMU,Gillingham,,,,,,,,,,,,,,,,,,,,,,,,,,,,,,,,,,,,,,P06.12,,S06.14,,S06.18,,,T06.21,,,,,,,,,,,,,,,,,,,,,,,,,,,,,,,,,,,,,,,,,,
06:11,Holbourn V,Pass,EMU,Sevenoaks,,,,,,,,,,,,,,,,,,,S06.39,,S06.41/06.42,,S06.45,,,,S06.50,,S06.45,,,,,,,,,,,,,,,,,,,,,,,,,,,,,,,,,,,,,,,,,,,,,,,,,,,,,,,,,,
06:14,Faversham,Pass,T2-6-4,Dover,,,,,,,,,,,,,,,,,,,,,,,,,,,,,,,,,,,,,,,,,,,,,,,,,,,,,,,,,,S06.14,,,,,,,,,,,,,,,S06.21,S06.32/06.38,S06.45,S06.52,S06.56,S07.00,S07.06,S07.15,T07.20,,,,,,
06:20,Canterbury E,Pass,T2-6-4,Folkstone,,,,,,,,,,,,,,,,,,,,,,,,,,,,,,,,,,,,,,,,,,,,,,,,,,,,,,,,,,,,,,,,,,,,,,,,,,S06.20,S06.26,S06.32,S06.36,S06.40,S06.46,S06.53,T06.58,,,,,,
06:24,Victoria,Pass,EMU,Orpington,S06.24,P,P,,S06.30,,,S06.32,,S06.35,S06.37,S06.40,,,S06.42,,S06.44,,,S06.47,,S06.48/06.49,,S06.52,T06.54,,,,,,,,,,,,,,,,,,,,,,,,,,,,,,,,,,,,,,,,,,,,,,,,,,,,,,,,,,,,,,
06:25,Faversham,Goods,N2-6-0,Snowdown,,,,,,,,,,,,,,,,,,,,,,,,,,,,,,,,,,,,,,,,,,,,,,,,,,,,,,,,,S06.25,,,,,,,,,,,,,,,,P,P07.00,P,P,P,T07.25,,,,,,,,,
06:25,Holbourn V,Pass,EMU,Orpington,,,,,,,S06.37,,,S06.39,S06.41,S06.44,,S06.46,,,S06.48,,,S06.51,,S06.53/06.54,,S06.57,T06.59,,,,,,,,,,,,,,,,,,,,,,,,,,,,,,,,,,,,,,,,,,,,,,,,,,,,,,,,,,,,,,
06:31,Holbourn V,Pass,EMU,Sevenoaks,,,,,,,,,,,,,,,,,,,S06.59,,S07.01/07.02,,S07.05,,,,S07.10,,T07.15,,,,,,,,,,,,,,,,,,,,,,,,,,,,,,,,,,,,,,,,,,,,,,,,,,,,,,,,,,
06:35,Sheerness,Pass,T2-6-2,Sittingbourne,,,,,,,,,,,,,,,,,,,,,,,,,,,,,,,,,,,,,,,,,,,,,,,,,,P06.53,P06.54,T06.55,,,,,,,,,,,,,,,,,,,,,,,,,,,,,,S06.35,S06.41,S06.46,P,S06.50,P
06:36,Cannon Street,Pass,EMU,Gillingham,,,,,,,,,,,,,,,,,,,,,,,,,,,,,,,,,,,,,,P07.52,,S07.53/07.54,,S07.56/07.58,,,T08.01,,,,,,,,,,,,,,,,,,,,,,,,,,,,,,,,,,,,,,,,,,
06:40,Faversham,Goods,N2-6-0,Dover,,,,,,,,,,,,,,,,,,,,,,,,,,,,,,,,,,,,,,,,,,,,,,,,,,,,,,,,,S06.40,,,,,,,,,,,,,,,,S06.56/07.20,S07.37/08.45,S08.55/09.15,S09.25/10.15,P,P,S10.25/11.35,P,T11.55,,,,,,
06:40,Victoria,Pass,EMU,Chatham,S06.40,P,P,,P06.45,,,S06.48,,,,,,,,,P06.55,,,P06.57,,S07.00/07.01,,P07.04,,,P07.05,S07.10,,S07.15,S07.20,,S07.24,,S07.27,,P07.32,P07.35,,,S07.36/07.37,T07.39,,,,,,,,,,,,,,,,,,,,,,,,,,,,,,,,,,,,,,,,,,,,,
06:44,Victoria,Pass,EMU,Orpington,S06.44,P,P,,S06.50,,,S06.52,,S06.54,S06.56,S07.00,,,S07.02,,S07.04,,,S07.06,,S07.08/07.09,,S07.12,T07.14,,,,,,,,,,,,,,,,,,,,,,,,,,,,,,,,,,,,,,,,,,,,,,,,,,,,,,,,,,,,,,
06:46,Holbourn V,Pass,EMU,Orpington,,,,,,,S06.57,,,S07.00,S07.02,S07.05,,,S07.07,,S07.09,,,S07.12,,S07.14/07.15,,S07.18,T07.19,,,,,,,,,,,,,,,,,,,,,,,,,,,,,,,,,,,,,,,,,,,,,,,,,,,,,,,,,,,,,,
06:50,Farningham Rd,Goods,C0-6-0,???,,,,,,,,,,,,,,,,,,,,,,,,,,,,,,S06.50,S07.00/08.02,,S08.12/08.50,S08.55/09.25,,,,P09.45,S09.50/10.55,P10.57,,P11.00,,,T11.07,,,,,,,,,,,,,,,,,,,,,,,,,,,,,,,,,,,,,,,,,,
06:51,Holbourn V,Pass,EMU,Sevenoaks,,,,,,,,,,,,,,,,,,,S07.20,,S07.21/07.22,,S07.25,,,,S07.30,,T07.35,,,,,,,,,,,,,,,,,,,,,,,,,,,,,,,,,,,,,,,,,,,,,,,,,,,,,,,,,,
07:00,Cannon Street,Pass,EMU,Ramsgate,,,,,,,,,,,,,,,,,,,,,,,,,,,,,,,,,,,,,,P08.17,,,S08.18/08.20,,S08.22/08.28,S08.32/08.34,,S08.40,,S08.46,,,,,,S08.52/08.55,,S09.02,,S09.10/09.13,,S09.23,S09.30,S09.35/09.37,,,S09.49,S09.54,S09.59/10.02,,S10.09,S10.14,,T10.18,,,,,,,,,,,,,,,
07:03,Margate,XP,V4-4-0,Cannon St,,,,,,,,,,,,,,,,,,,,,,,,,,,,,,,,,,,,,,,,,,,,,,,,,,,,,,,,,,,,,,,,,,,S07.03,,S07.09,S07.14,T07.17,,,,,,,,,,,,,,,,
07:04,Holbourn V,Pass,EMU,Orpington,,,,,,,,,,,,,,,S07.32,,S07.35,,,S07.38,,S07.39/07.40,,S07.43,T07.45,,,,,,,,,,,,,,,,,,,,,,,,,,,,,,,,,,,,,,,,,,,,,,,,,,,,,,,,,,,,,,
07:04,Victoria,Pass,EMU,Orpington,S07.04,P,P,,S07.09,,,S07.12,,S07.14,S07.16,S07.20,,,S07.02,,S07.24,,,S07.27,,S07.28/07.29,,S07.33,T07.34,,,,,,,,,,,,,,,,,,,,,,,,,,,,,,,,,,,,,,,,,,,,,,,,,,,,,,,,,,,,,,
07:10,Charing Cross,Pass,EMU,Gillingham,,,,,,,,,,,,,,,,,,,,,,,,,,,,,,,,,,,,,,P08.28,,,S08.29/08.30,,S08.32/08.34,,T08.37,,,,,,,,,,,,,,,,,,,,,,,,,,,,,,,,,,,,,,,,,,
07:11,Holbourn V,Pass,EMU,Sevenoaks,,,,,,,,,,,,,,,,,,,S07.40,,S07.41/07.42,,S07.45,,,,S07.50,,T07.55,,,,,,,,,,,,,,,,,,,,,,,,,,,,,,,,,,,,,,,,,,,,,,,,,,,,,,,,,,
07:18,Victoria,Pass,EMU,Gillingham,S07.18,P,P,,P07.23,,,P07.25,,,,,,,,,P07.31,,,P07.33,,S07.34/07.35,,P07.36,,,P07.39,S07.47,,S07.52,S07.57,,S08.01,,S08.04,,P08.09,P08.12,,,S08.13/08.14,,S08.16/08.20,,T08.23,,,,,,,,,,,,,,,,,,,,,,,,,,,,,,,,,,,,,,,,,,
07:22,Sheerness,Pass,2-6-2T,Sittingbourne,,,,,,,,,,,,,,,,,,,,,,,,,,,,,,,,,,,,,,,,,,,,,,,,,,P07.37,P07.38,T07.39,,,,,,,,,,,,,,,,,,,,,,,,,,,,,,S07.22,S07.28,,,P07.34,
07:24,Victoria,Pass,EMU,Orpington,S07.24,,,,S07.29,,,S07.32,,S07.34,S07.36,S07.39,,S07.41,,,S07.43,,,S07.46,,S07.49/05.51,,S07.54,T07.55,,,,,,,,,,,,,,,,,,,,,,,,,,,,,,,,,,,,,,,,,,,,,,,,,,,,,,,,,,,,,,
07:31,Holbourn V,Pass,EMU,Sevenoaks,,,,,,,,,,,,,,,,,,,S07.59,,S08.01/08.02,,S08.05,,,,S08.10,,T08.15,,,,,,,,,,,,,,,,,,,,,,,,,,,,,,,,,,,,,,,,,,,,,,,,,,,,,,,,,,
07:36,Margate,Pass,WC,Charing Cross,,,,,,,,,,,,,,,,,,,,,,,,,,,,,,,,,,,,,,,,,,,,,,,,,,,,,,,,,,,,,,,,,,,S07.36,,S07.43,S07.47,,T07.50,,,,,,,,,,,,,,,
07:37,Faversham,Pass,2-6-4T,Dover,,,,,,,,,,,,,,,,,,,,,,,,,,,,,,,,,,,,,,,,,,,,,,,,,,,,,,,,,,S07.37,,,,,,,,,,,,,,,S07.44,S07.55/08.09,S08.15,S08.21,S08.25,S08.29,S08.35,S08.42,T08.47,,,,,,
07:40,Chatham,Pass,H0-4-4T,Sittingbourne,,,,,,,,,,,,,,,,,,,,,,,,,,,,,,,,,,,,,,,,,,S07.40,,S07.44/07.46,,S07.52,S07.58,,,,,T08.04,,,,,,,,,,,,,,,,,,,,,,,,,,,,,,,,,,,
07:40,Victoria,Pass,EMU,Orpington,S07.40,,,,S07.45,,,S07.48,,,,,,,,,S07.55,,,P07.58,,S08.00/08.01,,S08.04,T08.06,,,,,,,,,,,,,,,,,,,,,,,,,,,,,,,,,,,,,,,,,,,,,,,,,,,,,,,,,,,,,,
07:42,Charing Cross,Pass,EMU,Gillingham,,,,,,,,,,,,,,,,,,,,,,,,,,,,,,,,,,,,,,P08.39,,,S08.41/08.42,,S08.44/08.45,,T08.48,,,,,,,,,,,,,,,,,,,,,,,,,,,,,,,,,,,,,,,,,,
07:44,Victoria,Pass,EMU,Orpington,S07.44,,,,S07.49,,,S07.52,,S07.54,S07.56,S07.59,,,S08.01,,S08.03,,,S08.06,,S08.08/08.09,,S08.13,T08.14,,,,,,,,,,,,,,,,,,,,,,,,,,,,,,,,,,,,,,,,,,,,,,,,,,,,,,,,,,,,,,
07:49,Holbourn V,Pass,EMU,Bickley,,,,,,,S08.00,,,,S08.04,S08.07,,S08.09,,,S08.11,,S08.14,,S08.16/08.17,,T08.20,,,,,,,,,,,,,,,,,,,,,,,,,,,,,,,,,,,,,,,,,,,,,,,,,,,,,,,,,,,,,,,,
07:51,Holbourn V,Pass,EMU,Sevenoaks,,,,,,,,,,,,,,,,,,,,S08.21,,S08.22/08.23,,S08.26,,,S08.31,,T08.36,,,,,,,,,,,,,,,,,,,,,,,,,,,,,,,,,,,,,,,,,,,,,,,,,,,,,,,,,,
07:55,Sheerness,Pass,C0-6-0,Sittingbourne,,,,,,,,,,,,,,,,,,,,,,,,,,,,,,,,,,,,,,,,,,,,,,,,,,P08.13,P08.14,T08.15,,,,,,,,,,,,,,,,,,,,,,,,,,,,,,S07.55,S08.02,,S08.06,S08.10,
07:57,Cannon Street,Pass,EMU,Gillingham,,,,,,,,,,,,,,,,,,,,,,,,,,,,,,,,,,,,,,P09.07,,S09.09/09.10,,,S09.11/09.13,,T09.16,,,,,,,,,,,,,,,,,,,,,,,,,,,,,,,,,,,,,,,,,,
07:58,Margate,Pass,L4-4-0,Hastings,,,,,,,,,,,,,,,,,,,,,,,,,,,,,,,,,,,,,,,,,,,,,,,,,,,,,,,,,,,,,,,,,,,S07.58,,S08.05,S08.09,,T08.12,,,,,,,,,,,,,,,
08:04,Victoria,Pass,EMU,Orpington,S08.04,,,,S08.09,,,S08.12,,S08.14,S08.16,S08.19,,,S08.21,,S08.23,,,S08.26,,S08.28/08.29,,S08.32,T08.34,,,,,,,,,,,,,,,,,,,,,,,,,,,,,,,,,,,,,,,,,,,,,,,,,,,,,,,,,,,,,,
08:08,Faversham,Pass,L4-4-0,Margate,,,,,,,,,,,,,,,,,,,,,,,,,,,,,,,,,,,,,,,,,,,,,,,,,,,,,,,,,S08.08,,,S08.18,S08.24,S08.29/08.30,,,S08.42,S08.48,,T08.54,,,,,,,,,,,,,,,,,,,
08:10,Holbourn V,Pass,EMU,Swanley,,,,,,,,,,,,,,,,,,,S08.39,,S08.41/08.42,,S08.45,,,,S08.50,T08.55,,,,,,,,,,,,,,,,,,,,,,,,,,,,,,,,,,,,,,,,,,,,,,,,,,,,,,,,,,,
08:10,Margate,Pass,T2-6-4,Ashford,,,,,,,,,,,,,,,,,,,,,,,,,,,,,,,,,,,,,,,,,,,,,,,,,,,,,,,,,,,,,,,,,,,S08.10,,S08.17,S08.21,,T08.24,,,,,,,,,,,,,,,
08:18,Holbourn V,Pass,EMU,Bickley,,,,,,,,P08.28,,,,,,,,,P08.35,,,P08.37,,,T08.42,,,,,,,,,,,,,,,,,,,,,,,,,,,,,,,,,,,,,,,,,,,,,,,,,,,,,,,,,,,,,,,,
08:18,Victoria,Pass,EMU,Gillingham,S08.18,,,,P08.23,,,P08.25,,,,,,,,,P08.31,,,P08.33,,S08.34/08.35,,P08.38,,,,S08.47,,S08.52,S08.57,,S09.01,,S09.04,,P09.09,P09.12,,,S09.13/09.14,,S09.16/09.18,,T09.21,,,,,,,,,,,,,,,,,,,,,,,,,,,,,,,,,,,,,,,,,,
08:22,Sheerness,Pass,2-6-2T,Sittingbourne,,,,,,,,,,,,,,,,,,,,,,,,,,,,,,,,,,,,,,,,,,,,,,,,,,P08.40,P08.41,T08.42,,,,,,,,,,,,,,,,,,,,,,,,,,,,,,S08.22,S08.27,S08.33,,S08.37,
08:24,Victoria,Pass,EMU,Orpington,S08.24,,,,S08.29,,,S08.32,,S08.34,S08.36,S08.39,,S08.41,,,S08.43,,S08.46,,S08.49/08.49,,S08.53,,T08.55,,,,,,,,,,,,,,,,,,,,,,,,,,,,,,,,,,,,,,,,,,,,,,,,,,,,,,,,,,,,,,
08:30,Holbourn V,Pass,EMU,Sevenoaks,,,,,,,,,,,,,,,,,,,,S08.59,,S09.01/09.02,,S09.05,,,S09.10,,T09.15,,,,,,,,,,,,,,,,,,,,,,,,,,,,,,,,,,,,,,,,,,,,,,,,,,,,,,,,,,
08:35,Victoria,Pass,L4-4-0,Dover,,,,,,,,,,,,,,,,,,,,,,,,,,,,,,,,,,,,,,,,,,,S09.38,S09.42/09.43,,,,,,,,,S09.55/10.00,,,,,S10.11/10.14,,,,,,,,,,,,,,,S10.21,S10.32/10.34,S10.40,S10.46,S10.50,S10.54,S10.59,S11.06,T11.11,,,,,,
08:35,Victoria,XP,BRS4-6-0,Ramsgate,S08.35,,,,,,,P08.44,,,,,,,,,P08.52,,,P08.54,,S08.55/08.57,,,,,,P09.08,,,,,,,P09.18,,P09.23,P09.27,,,,,S09.29/09.32,P09.35,,,,,,,,,,P09.45,,,,P09.53,,S10.02,,S10.11/10.14,,,S10.26,S10.31,S10.37/10.40,,S10.48,S10.52,,T10.56,,,,,,,,,,,,,,,
08:40,Hoo Junction,Goods,C0-6-0,??,,,,,,,,,,,,,,,,,,,,,,,,,,,,,,,,,,,,,,P08.54,S09.02/09.55,,P09.57,,P10.00,P10.07,,,,P10.25,P10.30,P10.32,,,,,,,,,,,,,,,,,,,,,,,,,,,,,,,,,T10.49,,,P10.36,
08:42,Charing Cross,Pass,EMU,Gillingham,,,,,,,,,,,,,,,,,,,,,,,,,,,,,,,,,,,,,,P09.38,,,S09.40/09.41,,S09.43/09.44,,T09.47,,,,,,,,,,,,,,,,,,,,,,,,,,,,,,,,,,,,,,,,,,
08:44,Victoria,Pass,EMU,Orpington,S08.44,,,,S08.49,,,S08.52,,S08.54,S08.56,S08.59,,,S09.01,,S09.03,,,S09.06,S09.08/09.09,,,S09.12,T09.13,,,,,,,,,,,,,,,,,,,,,,,,,,,,,,,,,,,,,,,,,,,,,,,,,,,,,,,,,,,,,,
08:48,Holbourn V,Pass,EMU,Orpington,,,,,,,,,,,,,,,,,,,,S09.10,,S09.12/09.13,,S09.18,T09.20,,,,,,,,,,,,,,,,,,,,,,,,,,,,,,,,,,,,,,,,,,,,,,,,,,,,,,,,,,,,,,
08:52,Cannon Street,Pass,EMU,Chatham,,,,,,,,,,,,,,,,,,,,,,,,,,,,,,,,,,,,,,P10.08,,,S10.09/10.10,,T10.12,,,,,,,,,,,,,,,,,,,,,,,,,,,,,,,,,,,,,,,,,,,,
08:53,Blackfriars,Pass,EMU,Sevenoaks,,,,,,,,,,,,,,,,,,,S09.19,,S09.21/09.22,,S09.25,,,,S09.30,,T09.35,,,,,,,,,,,,,,,,,,,,,,,,,,,,,,,,,,,,,,,,,,,,,,,,,,,,,,,,,,
08:57,Holbourn V,Pass,EMU,Bickley Junction,,,,,,,,,,,,,,,,,,,S09.24,,S09.26/09.27,,T09.30,,,,,,,,,,,,,,,,,,,,,,,,,,,,,,,,,,,,,,,,,,,,,,,,,,,,,,,,,,,,,,,,
09:00,Victoria,Boat,MN,Dover,S09.00,,,,P09.07,,,P09.09,,,,,,,,,P09.17,,,P09.19,,,,T09.23,,,,,,,,,,,,,,,,,,,,,,,,,,,,,,,,,,,,,,,,,,,,,,,,,,,,,,,,,,,,,,,
09:03,Blackfriars,Pass,EMU,Bickley,,,,,,,,,,,,,,,,,,,S09.31,,S09.33/09.37,,T09.40,,,,,,,,,,,,,,,,,,,,,,,,,,,,,,,,,,,,,,,,,,,,,,,,,,,,,,,,,,,,,,,,
09:04,Victoria,Pass,EMU,Orpington,S09.04,,,,S09.09,,,S09.12,,S09.14,S09.16,S09.19,,,S09.21,,S09.23,,,S09.26,,S09.29/09.29,,S09.32,T09.34,,,,,,,,,,,,,,,,,,,,,,,,,,,,,,,,,,,,,,,,,,,,,,,,,,,,,,,,,,,,,,
09:05,Charing Cross,Pass,EMU,Gillingham,,,,,,,,,,,,,,,,,,,,,,,,,,,,,,,,,,,,,,P11.08,,,S11.09/11.10,,S11.12/11.14,,T11.17,,,,,,,,,,,,,,,,,,,,,,,,,,,,,,,,,,,,,,,,,,
09:18,Victoria,Pass,EMU,Gillingham,S09.18,,,,P09.23,,,P09.25,,,,,,,,,P09.31,,,P09.32,,S09.34/09.35,,P09.38,,,,S09.47,,S09.52,,S09.57,S10.01,,S10.04,,P10.09,P10.12,,,S10.13/10.14,,S10.16/10.18,,T10.21,,,,,,,,,,,,,,,,,,,,,,,,,,,,,,,,,,,,,,,,,,
09:11,Blackfriars,Pass,EMU,Sevenoaks,,,,,,,,,,,,,,,,,,,,S09.39,,S09.41/09.42,,S09.45,,,S09.50,,T09.55,,,,,,,,,,,,,,,,,,,,,,,,,,,,,,,,,,,,,,,,,,,,,,,,,,,,,,,,,,
09:18,Faversham,Pass,D4-4-0,Dover,,,,,,,,,,,,,,,,,,,,,,,,,,,,,,,,,,,,,,,,,,,,,,,,,,,,,,,,,S09.18,,,,,,,,,,,,,,,,S09.25,S09.36/09.38,S09.44,S09.50,S09.54,S09.58,S10.03,S10.10,T10.15,,,,,,
09:18,Margate,Pass,L4-4-0,Ashford,,,,,,,,,,,,,,,,,,,,,,,,,,,,,,,,,,,,,,,,,,,,,,,,,,,,,,,,,,,,,,,,,,,S09.18,,S09.27,S09.31,,T09.34,,,,,,,,,,,,,,,
09:24,Victoria,Pass,EMU,Orpington,S09.24,,,,S09.29,,,S09.32,,S09.34,S09.36,S09.39,,,S09.41,,S09.43,,,S09.46,,S09.49,,S09.52,T09.54,,,,,,,,,,,,,,,,,,,,,,,,,,,,,,,,,,,,,,,,,,,,,,,,,,,,,,,,,,,,,,
09:40,Margate,XP,WC,Charing Cross,,,,,,,,,,,,,,,,,,,,,,,,,,,,,,,,,,,,,,,,,,,,,,,,,,,,,,,,,,,,,,,,,,,S09.40,,S09.50,S09.54,,T09.57,,,,,,,,,,,,,,,
09:30,Holbourn V,Pass,EMU,Sevenoaks,,,,,,,,,,,,,,,,,,,S09.39,,S09.41/09.42,,S09.45,,,,S09.50,,,,,,,,,,,,,,,,,,,,,,,,,,,,,,,,,,,,,,,,,,,,,,,,,,,,,,,,,,,,
09:38,Sheerness,Pass,H0-4-4T,Sittingbourne,,,,,,,,,,,,,,,,,,,,,,,,,,,,,,,,,,,,,,,,,,,,,,,,,,P09.56,P09.57,T09.58,,,,,,,,,,,,,,,,,,,,,,,,,,,,,,S09.38,S09.45,S09.49,,S09.53,
09:35,Victoria,XP,BRS4-6-0,Ramsgate,S09.35,,,,,,,S09.44,,,,,,,,,P09.52,,,P09.55,,S09.56/09.57,,P10.02,,,,P10.08,,,,,,,P10.18,,P10.23,P10.27,,,,,S10.29/10.31,S10.35/10.36,,,,,,,,,,S10.48/10.50,,,,S11.01/11.03,,S11.13,S11.18,S11.24/11.26,,,S11.38,S11.43,S11.48/11.50,,S11.58,S12.02,S12.06,,,,,,,,,,,,,,,,
09:40,Victoria,Pass,EMU,Orpington,S09.40,,,,S09.46,,,S09.48,,,,,,,,,,,,S09.59,,S10.00/10.01,,S10.04,T10.05,,,,,,,,,,,,,,,,,,,,,,,,,,,,,,,,,,,,,,,,,,,,,,,,,,,,,,,,,,,,,,
09:42,Charing Cross,Pass,EMU,Gillingham,,,,,,,,,,,,,,,,,,,,,,,,,,,,,,,,,,,,,,P10.39,,,S10.40/10.41,,S10.44/10.50,,T10.53,,,,,,,,,,,,,,,,,,,,,,,,,,,,,,,,,,,,,,,,,,
09:44,Victoria,Pass,EMU,Orpington,S09.44,,,,S09.49,,,S09.52,,S09.54,S09.56,S09.59,,,S10.01,,S10.03,,,S10.06,,S10.08/10.09,,S10.12,T10.13,,,,,,,,,,,,,,,,,,,,,,,,,,,,,,,,,,,,,,,,,,,,,,,,,,,,,,,,,,,,,,
09:47,Victoria,ECS,EMU,S.Hill,S09.47,,,,P09.53,,,,T09.54,,,,,,,,,,,,,,,,,,,,,,,,,,,,,,,,,,,,,,,,,,,,,,,,,,,,,,,,,,,,,,,,,,,,,,,,,,,,,,
09:51,Holbourn V,Pass,EMU,Sevenoaks,,,,,,,,,,,,,,,,,,,S10.19,,S10.21/10.22,,S10.25,,,,S10.30,,T10.35,,,,,,,,,,,,,,,,,,,,,,,,,,,,,,,,,,,,,,,,,,,,,,,,,,,,,,,,,,
09:54,Victoria,Pass,EMU,Herne Hill,S09.54,,,,P10.00,,,,T10.02,,,,,,,,,,,,,,,,,,,,,,,,,,,,,,,,,,,,,,,,,,,,,,,,,,,,,,,,,,,,,,,,,,,,,,,,,,,,,,
10:00,Victoria,Boat,MN,Dover,S10.00,,,,P10.07,,,P10.09,,,,,,,,,P10.17,,,P10.19,,P10.20,,,T10.22,,,,,,,,,,,,,,,,,,,,,,,,,,,,,,,,,,,,,,,,,,,,,,,,,,,,,,,,,,,,,,
10:04,Victoria,Pass,EMU,Orpington,S10.04,,,,S10.09,,,S10.12,,S10.14,S10.16,S10.19,,,S10.21,,S10.23,,,S10.26,,S10.28/10.29,,S10.32,T10.33,,,,,,,,,,,,,,,,,,,,,,,,,,,,,,,,,,,,,,,,,,,,,,,,,,,,,,,,,,,,,,
10:10,Margate,Pass,L4-4-0,Ashford,,,,,,,,,,,,,,,,,,,,,,,,,,,,,,,,,,,,,,,,,,,,,,,,,,,,,,,,,,,,,,,,,,,S10.10,,S10.19,S10.23,,T10.26,,,,,,,,,,,,,,,
10:10,Sheerness,Pass,2-6-2T,Sittingbourne,,,,,,,,,,,,,,,,,,,,,,,,,,,,,,,,,,,,,,,,,,,,,,,,,,,P10.29,T10.31,,,,,,,,,,,,,,,,,,,,,,,,,,,,,,S10.10,S10.16,,,S10.25,P10.28
10:11,Holbourn V,Pass,EMU,Sevenoaks,,,,,,,,,,,,,,,,,,,S10.39,,S10.41/10.42,,S10.45,,,,S10.50,,T10.55,,,,,,,,,,,,,,,,,,,,,,,,,,,,,,,,,,,,,,,,,,,,,,,,,,,,,,,,,,
10:18,Victoria,Pass,EMU,Gillingham,S10.18,,,,P10.23,,,P10.25,,,,,,,,,P10.31,,,,,S10.34/10.35,,,,,,S10.47,,S10.51,,S10.56,S11.01,,S11.04,,P11.09,P11.12,,,S11.13/11.14,,S11.16/11.18,,T11.21,,,,,,,,,,,,,,,,,,,,,,,,,,,,,,,,,,,,,,,,,,
10:24,Victoria,Pass,EMU,Orpington,S10.24,,,,S10.29,,,S10.32,,S10.34,S10.36,S10.39,,,S10.41,,S10.43,,,S10.46,,S10.48/10.49,,S10.52,T10.53,,,,,,,,,,,,,,,,,,,,,,,,,,,,,,,,,,,,,,,,,,,,,,,,,,,,,,,,,,,,,,
10:28,Hither Green,Goods,N2-6-0,Ashford,,,,,,,,,,,,,,,,,,,,,,,,,,P10.51,P10.55,P11.03,T11.05,,,,,,,,,,,,,,,,,,,,,,,,,,,,,,,,,,,,,,,,,,,,,,,,,,,,,,,,,,
10:31,Holbourn V,Pass,EMU,Sevenoaks,,,,,,,,,,,,,,,,,,,S10.59,,S11.01/11.04,,S11.07,,,,S11.12,,T11.17,,,,,,,,,,,,,,,,,,,,,,,,,,,,,,,,,,,,,,,,,,,,,,,,,,,,,,,,,,
10:35,Victoria,XP,BRS4-6-0,Ramsgate,S10.35,,,,,,,S10.46,,,,,,,,,P10.55,,,P10.57,,S10.58/11.01,,P11.06,,,,P11.12,,,,,,,P11.22,,P11.27,P11.31,,,P11.32,,S11.33/11.35,P11.38,,,,,,,,,,S11.49/11.51,,,,S12.02/12.05,,S12.15,S12.21,S12.27/12.29,,,S12.41,S12.46,S12.51/12.54,,S13.02,S13.07,,T13.10,,,,,,,,,,,,,,,
10:42,Charing Cross,Pass,EMU,Gillingham,,,,,,,,,,,,,,,,,,,,,,,,,,,,,,,,,,,,,,P11.39,,,S11.40/11.41,,S11.44/11.46,,T11.49,,,,,,,,,,,,,,,,,,,,,,,,,,,,,,,,,,,,,,,,,,
10:44,Victoria,Pass,EMU,Orpington,S10.44,,,,S10.49,,,S10.52,,S10.54,S10.56,S10.59,,,S11.01,,S11.03,,,S11.06,,S11.08/11.09,,S11.12,T11.13,,,,,,,,,,,,,,,,,,,,,,,,,,,,,,,,,,,,,,,,,,,,,,,,,,,,,,,,,,,,,,
10:46,Chatham,Pass,L4-4-0,Faversham,,,,,,,,,,,,,,,,,,,,,,,,,,,,,,,,,,,,,,,,,,,S10.46,S10.50/10.51,,S10.55,,,,,,,,S11.06/11.08,,,,T11.19,,,,,,,,,,,,,,,,,,,,,,,,,,,,,
10:50,Hither Green,Goods,N2-6-0,Faversham,,,,,,,,,,,,,,,,,,,,,,,,,,P11.14,P11.18,P11.26,,P11.32,,,,S10.51/12.25,,,P12.35,P12.40,S12.45/13.59,,P14.01,,P14.03,P14.11,,,,,,,,,S14.32/14.48,,,,T15.04,,,,,,,,,,,,,,,,,,,,,,,,,,,,,,
10:50,Margate,Light,C0-6-0,Ramsgate,,,,,,,,,,,,,,,,,,,,,,,,,,,,,,,,,,,,,,,,,,,,,,,,,,,,,,,,,,,,,,,,,,,S10.50,,,,T11.00,,,,,,,,,,,,,,,,
10:51,Holbourn V,Pass,EMU,Sevenoaks,,,,,,,,,,,,,,,,,,,P11.19,,S11.21/11.22,,S11.25,,,,P11.30,,T11.35,,,,,,,,,,,,,,,,,,,,,,,,,,,,,,,,,,,,,,,,,,,,,,,,,,,,,,,,,,
10:54,Herne Hill,Goods,N2-6-0,Ashford,,,,,,,,,,,,,,,,,,,,,,,,,,S11.49,,P12.03,,,,,,,,,,,,,,,,,,,,,,,,,,,,,,,,,,,,,,,,,,,,,,,,,,,,,,,,,,,
10:55,Cannon Street,Pass,EMU,Gillingham,,,,,,,,,,,,,,,,,,,,,,,,,,,,,,,,,,,,,,P12.08,,,S12.09/12.10,,S12.12/12.14,,T12.17,,,,,,,,,,,,,,,,,,,,,,,,,,,,,,,,,,,,,,,,,,
11:00,Holbourn V,Parcels,E 4-4-0,Ramsgate,,,,,,,,,,,,,,,,,,,,,,,,,,P13.06,,P13.12,,,,,,,P13.24,,P13.29,P13.33,,S13.34/13.38,,,P13.40,P13.43,,,S13.49,,,,,,S14.01/14.08,,,,S14.20/14.33,,,S14.43/14.53,,S15.00/15.06,,,S15.18/15.26,S15.30,,S15.38/15.44,S15.51,,,T16.06,,,,,,,,,,,,,,,
11:04,Victoria,Pass,EMU,Orpington,S11.04,,,,S11.09,,,S11.12,,S11.14,S11.16,S11.19,,,S11.21,,S11.23,,,S11.26,,S11.28/11.29,,S11.32,T11.33,,,,,,,,,,,,,,,,,,,,,,,,,,,,,,,,,,,,,,,,,,,,,,,,,,,,,,,,,,,,,,
11:11,Holbourn V,Pass,EMU,Sevenoaks,,,,,,,,,,,,,,,,,,,,S11.39,,S11.41/11.42,,S11.45,,,S11.50,,T11.55,,,,,,,,,,,,,,,,,,,,,,,,,,,,,,,,,,,,,,,,,,,,,,,,,,,,,,,,,,
11:18,Victoria,Pass,EMU,Gillingham,S11.18,,,,P11.23,,,P11.25,,,,,,,,,P11.31,,,P11.33,,S11.34/11.35,,P11.38,,,,S11.47,,S11.52,,S11.57,S12.01,,S12.04,,P12.09,P12.12,,,S12.13/12.14,,S12.16/12.17,,T12.20,,,,,,,,,,,,,,,,,,,,,,,,,,,,,,,,,,,,,,,,,,
11:24,Victoria,Pass,EMU,Orpington,S11.24,,,,S11.29,,,S11.32,,S11.34,S11.36,S11.39,,,S11.41,,S11.43,,,S11.46,,S11.48/11.49,,S11.52,T11.53,,,,,,,,,,,,,,,,,,,,,,,,,,,,,,,,,,,,,,,,,,,,,,,,,,,,,,,,,,,,,,
11:27,Margate,Light,2-6-2T,Ramsgate,,,,,,,,,,,,,,,,,,,,,,,,,,,,,,,,,,,,,,,,,,,,,,,,,,,,,,,,,,,,,,,,,,,S11.27,,,,T11.43,,,,,,,,,,,,,,,,
11:31,Holbourn V,Pass,EMU,Sevenoaks,,,,,,,,,,,,,,,,,,,S11.59,,S12.01/12.02,,S12.05,,,,S12.10,,T12.15,,,,,,,,,,,,,,,,,,,,,,,,,,,,,,,,,,,,,,,,,,,,,,,,,,,,,,,,,,
11:33,Queen Borough,Goods,C0-6-0,Dover,,,,,,,,,,,,,,,,,,,,,,,,,,,,,,,,,,,,,,,,,,,,,,,,,,P12.04,P12.05,,,,S12.09/13.00,,S13.16/13.45,,,,,,,,,,,,,,,,,,,,,,,,,,S11.33,,S11.40/11.52,S11.56/11.59,
11:35,Victoria,PullMan,BRS4-6-0,Ramsgate,S11.35,,,,,,,P11.34,,,,,,,,,P11.51,,,P11.55,,S11.56/11.58,,P12.03,,,,P12.09,,,,,,,P12.19,,P12.24,P12.28,,,P12.29,,S12.30/12.33,S12.37/12.38,,,,,,,,,,S12.50/12.52,,S12.58,,S13.07/13.10,,S13.20,,S13.29/13.31,,,S13.43,S13.48,S13.53/13.58,,S14.06,S14.10,,T14.14,,,,,,,,,,,,,,,
11:40,Faversham,Goods,N2-6-0,??,,,,,,,,,,,,,,,,,,,,,,,,,,,,,,,,,,,,,,,,,,,,,,,,,,,,,,,,,S11.40,,S11.47/11.49,T11.57,,,,,,,,,,,,,,,,,,,,,,,,,,,
11:42,Charing Cross,Pass,EMU,Gillingham,,,,,,,,,,,,,,,,,,,,,,,,,,,,,,,,,,,,,,P12.39,,,S12.40/12.41,,S12.43/12.46,,T12.49,,,,,,,,,,,,,,,,,,,,,,,,,,,,,,,,,,,,,,,,,,
11:44,Margate,Pass,4-4-0T,Hastings,,,,,,,,,,,,,,,,,,,,,,,,,,,,,,,,,,,,,,,,,,,,,,,,,,,,,,,,,,,,,,,,,,,,S11.44,S11.52,S11.56,,T11.59,,,,,,,,,,,,,,,
11:44,Victoria,Pass,EMU,Orpington,S11.44,,,,S11.49,,,S11.52,,S11.54,S11.56,S11.59,,,S12.01,,S12.03,,,S12.06,,S12.08/12.09,,S12.12,T12.13,,,,,,,,,,,,,,,,,,,,,,,,,,,,,,,,,,,,,,,,,,,,,,,,,,,,,,,,,,,,,,
11:51,Holbourn V,Pass,EMU,Sevenoaks,,,,,,,,,,,,,,,,,,,S12.19,,S12.21/12.22,,S12.25,,,,S12.30,,T12.35,,,,,,,,,,,,,,,,,,,,,,,,,,,,,,,,,,,,,,,,,,,,,,,,,,,,,,,,,,
11:56,Cannon Street,Pass,EMU,Gillingham,,,,,,,,,,,,,,,,,,,,,,,,,,,,,,,,,,,,,,P13.08,,,S13.09/13.10,,S13.12/13.13,,T13.16,,,,,,,,,,,,,,,,,,,,,,,,,,,,,,,,,,,,,,,,,,
12:04,Victoria,Pass,EMU,Orpington,S12.04,,,,S12.09,,,S12.12,,S12.14,S12.16,S12.19,,,S12.21,,S12.23,,,S12.26,,S12.28/12.29,,S12.32,T12.33,,,,,,,,,,,,,,,,,,,,,,,,,,,,,,,,,,,,,,,,,,,,,,,,,,,,,,,,,,,,,,
12:06,Faversham,Pass,2-6-2T,Dover,,,,,,,,,,,,,,,,,,,,,,,,,,,,,,,,,,,,,,,,,,,,,,,,,,,,,,,,,S12.06,,,,,,,,,,,,,,,,S12.13,S12.25/12.27,S12.33,S12.39,S12.43,S12.47,S12.53,S13.02,T13.07,,,,,,
12:18,Sheerness,Pass,2-6-2T,Sittingbourne,,,,,,,,,,,,,,,,,,,,,,,,,,,,,,,,,,,,,,,,,,,,,,,,,,P12.26,P12.27,T12.38,,,,,,,,,,,,,,,,,,,,,,,,,,,,,,S12.18,S12.24,S12.29,,S12.33,
12:11,Holbourn V,Pass,EMU,Sevenoaks,,,,,,,,,,,,,,,,,,,,S12.39,,S12.41/12.42,,S12.45,,,S12.50,,T12.55,,,,,,,,,,,,,,,,,,,,,,,,,,,,,,,,,,,,,,,,,,,,,,,,,,,,,,,,,,
12:13,Faversham,Goods,N2-6-0,Margate,,,,,,,,,,,,,,,,,,,,,,,,,,,,,,,,,,,,,,,,,,,,,,,,,,,,,,,,,S12.13,,,,,,S12.37/13.45,,P14.05,S14.10/14.49,,T14.51,,,,,,,,,,,,,,,,,,,
12:15,Hoo Junction,Goods,C0-6-0,Chatham Goods,,,,,,,,,,,,,,,,,,,,,,,,,,,,,,,,,,,,,,P12.30,T12.35,,,,,,,,,,,,,,,,,,,,,,,,,,,,,,,,,,,,,,,,,,,,,,,,
12:18,Victoria,Pass,EMU,Gillingham,S12.18,,,,P12.23,,,P12.25,,,,,,,,,P12.31,,,P12.33,,S12.34/12.35,,P12.38,,,,S12.47,,S12.52,,S12.57,S13.01,,S13.04,,P13.09,P13.12,,,S13.13/13.14,,S13.16/13.18,,T13.21,,,,,,,,,,,,,,,,,,,,,,,,,,,,,,,,,,,,,,,,,,
12:24,Victoria,Pass,EMU,Orpington,S12.24,,,,S12.29,,,S12.32,,S12.34,S12.36,S12.39,,,S12.41,,S12.43,,,S12.46,,S12.48/12.49,,S12.52,T12.53,,,,,,,,,,,,,,,,,,,,,,,,,,,,,,,,,,,,,,,,,,,,,,,,,,,,,,,,,,,,,,
12:25,Blackfriars,Goods,C0-6-0,Sole street,,,,,,,,,,,,,,,,,,,,,,,,,,P15.11,P15.15,P15.23,,P15.29,,,,T15.48,,,,,,,,,,,,,,,,,,,,,,,,,,,,,,,,,,,,,,,,,,,,,,,,,,,,,
12:30,Victoria,Boat,WC,Dover,S12.30,,,P12.37,,,,,,,,,,,,,,,P12.51,,P12.52,,,,T12.56,,,,,,,,,,,,,,,,,,,,,,,,,,,,,,,,,,,,,,,,,,,,,,,,,,,,,,,,,,,,,,
12:31,Holbourn V,Pass,EMU,Sevenoaks,,,,,,,,,,,,,,,,,,,S12.59,,S13.01/13.02,,S13.05,,,,S13.10,,T13.15,,,,,,,,,,,,,,,,,,,,,,,,,,,,,,,,,,,,,,,,,,,,,,,,,,,,,,,,,,
12:35,Victoria,XP,BRS4-6-0,Ramsgate,S12.35,,,,,,,P12.44,,,,,,,,,P12.52,,,P12.54,,S12.55/12.57,,P13.02,,,,P13.08,,,,,,,P13.18,,P13.23,P13.27,,,P13.28,,S13.29/13.33,S13.36/13.38,,,,,,,,,,S13.50/13.53,,S13.59,,S14.08/14.12,,S14.22,S13.28,S14.34/14.37,,,S14.49,s14.55,S15.01/15.05,,S15.13,S15.18,,T15.22,,,,,,,,,,,,,,,
12:36,Margate,XP,V4-4-0,Charing Cross,,,,,,,,,,,,,,,,,,,,,,,,,,,,,,,,,,,,,,,,,,,,,,,,,,,,,,,,,,,,,,,,,,,S12.36,,S12.43,S12.47,,T12.50,,,,,,,,,,,,,,,
12:42,Charing Cross,Pass,EMU,Gillingham,,,,,,,,,,,,,,,,,,,,,,,,,,,,,,,,,,,,,,P13.39,,,S13.40/13.41,,S13.43/13.46,,T13.49,,,,,,,,,,,,,,,,,,,,,,,,,,,,,,,,,,,,,,,,,,
12:44,Victoria,Pass,EMU,Orpington,S12.44,,,,S12.49,,,S12.52,,S12.54,S12.56,S12.59,,,S13.01,,S13.03,,,S13.06,,S13.08/13.09,,S13.12,T13.13,,,,,,,,,,,,,,,,,,,,,,,,,,,,,,,,,,,,,,,,,,,,,,,,,,,,,,,,,,,,,,
12:47,Hither Green,Goods,N2-6-0,Swanley,,,,,,,,,,,,,,,,,,,,,,,,,,P13.11,P13.14,,T13.22,,,,,,,,,,,,,,,,,,,,,,,,,,,,,,,,,,,,,,,,,,,,,,,,,,,,,,,,,,
12:51,Holbourn V,Pass,EMU,Sevenoaks,,,,,,,,,,,,,,,,,,,S13.19,,S13.21/13.22,,S13.25,,,,S13.30,,T13.35,,,,,,,,,,,,,,,,,,,,,,,,,,,,,,,,,,,,,,,,,,,,,,,,,,,,,,,,,,
12:55,Cannon Street,Pass,EMU,Gillingham,,,,,,,,,,,,,,,,,,,,,,,,,,,,,,,,,,,,,,P14.08,,,S14.09/14.10,,S14.12/14.13,,T14.16,,,,,,,,,,,,,,,,,,,,,,,,,,,,,,,,,,,,,,,,,,
13:00,Victoria,Boat,BR7,Dover,S13.00,,,,P13.07,,,P13.08,,,,,,,,,P13.16,,,P13.18,,P13.19,,,P13.22,,,,,,,,,,,,,,,,,,,,,,,,,,,,,,,,,,,,,,,,,,,,,,,,,,,,,,,,,,,,,,
13:04,Victoria,Pass,EMU,Orpington,S13.04,,,,S13.09,,,S13.12,,S13.14,S13.16,S13.19,,,S13.21,,S13.23,,,S13.26,,S13.28/13.29,,S13.32,T13.33,,,,,,,,,,,,,,,,,,,,,,,,,,,,,,,,,,,,,,,,,,,,,,,,,,,,,,,,,,,,,,
13:11,Holbourn V,Pass,EMU,Sevenoaks,,,,,,,,,,,,,,,,,,,,S13.39,,S13.41/13.42,,S13.45,,,S13.50,,T13.55,,,,,,,,,,,,,,,,,,,,,,,,,,,,,,,,,,,,,,,,,,,,,,,,,,,,,,,,,,
13:13,Faversham,Pass,L4-4-0,Dover,,,,,,,,,,,,,,,,,,,,,,,,,,,,,,,,,,,,,,,,,,,,,,,,,,,,,,,,,S13.13,,,,,,,,,,,,,,,,S13.20,S13.31/13.33,S13.39,S13.45,S13.49,S13.53,S13.54,S14.05,T14.10,,,,,,
13:18,Victoria,Pass,EMU,Gillingham,S13.18,,,,P13.23,,,P13.25,,,,,,,,,P13.31,,,P13.33,,S13.34/13.35,,P13.38,,,,S13.47,,S13.52,,S13.57,S14.01,,S14.04,,P14.09,P14.12,,,S14.13/14.14,,S14.16/14.18,,T14.21,,,,,,,,,,,,,,,,,,,,,,,,,,,,,,,,,,,,,,,,,,
13:20,Margate,Pass,2-6-2T,Canterbury,,,,,,,,,,,,,,,,,,,,,,,,,,,,,,,,,,,,,,,,,,,,,,,,,,,,,,,,,,,,,,,,,,,S13.20,,S13.28,S13.32,,T13.35,,,,,,,,,,,,,,,
13:20,Sheerness,Pass,C0-6-0,Sittingbourne,,,,,,,,,,,,,,,,,,,,,,,,,,,,,,,,,,,,,,,,,,,,,,,,,,P13.39,P13.40,T13.41,,,,,,,,,,,,,,,,,,,,,,,,,,,,,,S13.20,S13.26,S13.31,,S13.36,
13:24,Victoria,Pass,EMU,Orpington,S13.24,,,,S13.29,,,S13.32,,S13.34,S13.36,S13.39,,,S13.41,,S13.43,,,S13.46,,S13.48/13.49,,S13.57,T13.58,,,,,,,,,,,,,,,,,,,,,,,,,,,,,,,,,,,,,,,,,,,,,,,,,,,,,,,,,,,,,,
13:31,Holbourn V,Pass,EMU,Sevenoaks,,,,,,,,,,,,,,,,,,,S13.59,,S14.01/14.02,,S14.05,,,,S14.10,,T14.15,,,,,,,,,,,,,,,,,,,,,,,,,,,,,,,,,,,,,,,,,,,,,,,,,,,,,,,,,,
13:40,Margate,Pass,L4-4-0,Maidstone,,,,,,,,,,,,,,,,,,,,,,,,,,,,,,,,,,,,,,,,,,,,,,,,,,,,,,,,,,,,,,,,,,,,S13.40,S13.49,S13.53,,T13.54,,,,,,,,,,,,,,,
13:42,Charing Cross,Pass,EMU,Gillingham,,,,,,,,,,,,,,,,,,,,,,,,,,,,,,,,,,,,,,P14.39,,,S14.40/14.41,,S14.43/14.46,,T14.49,,,,,,,,,,,,,,,,,,,,,,,,,,,,,,,,,,,,,,,,,,
13:44,Victoria,Pass,EMU,Orpington,S13.44,,,,S13.49,,,S13.52,,S13.54,S13.56,S13.59,,,S14.01,,S14.03,,,S14.06,,S14.08/14.09,,S14.12,T14.13,,,,,,,,,,,,,,,,,,,,,,,,,,,,,,,,,,,,,,,,,,,,,,,,,,,,,,,,,,,,,,
13:50,Hither Green,Goods,N2-6-0,Ashford,,,,,,,,,,,,,,,,,,,,,,,,,,P14.18,P14.22,,T14.30,,,,,,,,,,,,,,,,,,,,,,,,,,,,,,,,,,,,,,,,,,,,,,,,,,,,,,,,,,
13:50,Margate,Pass,C0-6-0,Maidstone,,,,,,,,,,,,,,,,,,,,,,,,,,,,,,,,,,,,,,,,,,,,,,,,,,,,,,,,,,,,,,,,,,,S13.50,,S13.57,S14.01,,T14.04,,,,,,,,,,,,,,,
13:51,Holbourn V,Pass,EMU,Sevenoaks,,,,,,,,,,,,,,,,,,,S14.19,,S14.21/14.22,,S14.25,,,,S14.30,,T14.35,,,,,,,,,,,,,,,,,,,,,,,,,,,,,,,,,,,,,,,,,,,,,,,,,,,,,,,,,,
13:55,Cannon Street,Pass,EMU,Gillingham,,,,,,,,,,,,,,,,,,,,,,,,,,,,,,,,,,,,,,P15.08,,,S15.09/15.10,,S15.12/15.13,,T15.16,,,,,,,,,,,,,,,,,,,,,,,,,,,,,,,,,,,,,,,,,,
14:04,Victoria,Pass,EMU,Orpington,S14.04,,,,S14.09,,,S14.12,,S14.14,S14.16,S14.19,,,S14.21,,S14.23,,,S14.26,,S14.28/14.29,,S14.32,T14.33,,,,,,,,,,,,,,,,,,,,,,,,,,,,,,,,,,,,,,,,,,,,,,,,,,,,,,,,,,,,,,
14:11,Holbourn V,Pass,EMU,Sevenoaks,,,,,,,,,,,,,,,,,,,,S14.39,,S14.41/14.42,,S14.45,,,S14.50,,T14.55,,,,,,,,,,,,,,,,,,,,,,,,,,,,,,,,,,,,,,,,,,,,,,,,,,,,,,,,,,
14:18,Victoria,Pass,EMU,Gillingham,S14.18,,,,P14.23,,,P14.25,,,,,,,,,P14.31,,,P14.33,,S14.34/14.35,,P14.38,,,,S14.47,,S14.52,,S14.57,S15.01,,S15.04,,P15.09,P15.12,,,S15.13/15.14,,S15.16/15.18,,T15.21,,,,,,,,,,,,,,,,,,,,,,,,,,,,,,,,,,,,,,,,,,
14:20,Faversham,Pass,D4-4-0,Dover,,,,,,,,,,,,,,,,,,,,,,,,,,,,,,,,,,,,,,,,,,,,,,,,,,,,,,,,,S14.20,,,,,,,,,,,,,,,,S14.27,S14.38/14.42,S14.48,S14.54,S14.58,S15.02,S15.07,S15.14,T15.19,,,,,,
14:24,Victoria,Pass,EMU,Orpington,S14.24,,,,S14.29,,,S14.32,,S14.34,S14.36,S14.39,,,S14.41,,S14.43,,,S14.46,,S14.48/14.49,,S14.57,T14.58,,,,,,,,,,,,,,,,,,,,,,,,,,,,,,,,,,,,,,,,,,,,,,,,,,,,,,,,,,,,,,
14:31,Holbourn V,Pass,EMU,Sevenoaks,,,,,,,,,,,,,,,,,,,S14.59,,S15.01/15.02,,S15.05,,,,S15.10,,T15.15,,,,,,,,,,,,,,,,,,,,,,,,,,,,,,,,,,,,,,,,,,,,,,,,,,,,,,,,,,
14:35,Faversham,Light,N2-6-0,Canterbury,,,,,,,,,,,,,,,,,,,,,,,,,,,,,,,,,,,,,,,,,,,,,,,,,,,,,,,,,S14.35,,,,,,,,,,,,,,,,,T14.55,,,,,,,,,,,,,
14:35,Victoria,XP,WC,Dover,S14.35,,,,,,,P14.44,,,,,,,,,P14.52,,,P14.54,,S14.55/14.57,,,,,P15.03,P15.08,,,,,,,,P15.18,P15.23,P15.27,,,P15.28,,S15.29/15.32,S15.36/15.38,,,,,,,,,,S15.50/15.52,,,,S16.03/16.06,,,,,,,,,,,,,,,S16.13,S16.24/16.26,S16.33,S16.39,S16.43,S16.47,S16.52,S16.59,T17.06,,,,,,
14:35,Victoria,Pass,L4-4-0,Ramsgate,,,,,,,,,,,,,,,,,,,,,,,,,,,,,,,,,,,,,,,,,,,,,,,,,,,,,,,,,S16.11,,,S16.21,S16.27,S16.33/16.35,,,S16.47,S16.52,S16.58/17.01,,S17.09,S17.14,,T17.18,,,,,,,,,,,,,,,
14:42,Charing Cross,Pass,EMU,Gillingham,,,,,,,,,,,,,,,,,,,,,,,,,,,,,,,,,,,,,,P15.39,,,S15.40/15.41,,S15.43/15.46,,T15.49,,,,,,,,,,,,,,,,,,,,,,,,,,,,,,,,,,,,,,,,,,
14:44,Victoria,Pass,EMU,Orpington,S14.44,,,,S14.49,,,S14.52,,S14.54,S14.56,S14.59,,,S15.01,,S15.03,,,S15.06,,S15.08/15.09,,S15.12,T15.13,,,,,,,,,,,,,,,,,,,,,,,,,,,,,,,,,,,,,,,,,,,,,,,,,,,,,,,,,,,,,,
14:45,Margate,XP,V4-4-0,Cannon St,,,,,,,,,,,,,,,,,,,,,,,,,,,,,,,,,,,,,,,,,,,,,,,,,,,,,,,,,,,,,,,,,,,S14.45,,S14.51,S14.56,,T14.59,,,,,,,,,,,,,,,
14:51,Holbourn V,Pass,EMU,Sevenoaks,,,,,,,,,,,,,,,,,,,S15.19,,S15.21/15.22,,S15.25,,,,S15.30,,T15.35,,,,,,,,,,,,,,,,,,,,,,,,,,,,,,,,,,,,,,,,,,,,,,,,,,,,,,,,,,
14:54,Rochester,Parcels,C0-6-0,Gillingham,,,,,,,,,,,,,,,,,,,,,,,,,,,,,,,,,,,,,,,,S14.54,,S14.56/15.20,,,T15.24,,,,,,,,,,,,,,,,,,,,,,,,,,,,,,,,,,,,,,,,,,
14:55,Cannon Street,Pass,EMU,Gillingham,,,,,,,,,,,,,,,,,,,,,,,,,,,,,,,,,,,,,,P16.08,,,S16.09/16.10,,S16.12/16.13,,T16.16,,,,,,,,,,,,,,,,,,,,,,,,,,,,,,,,,,,,,,,,,,
15:04,Victoria,Pass,EMU,Orpington,S15.04,,,,S15.09,,,S15.12,,S15.14,S15.16,S15.19,,,S15.21,,S15.23,,,S15.26,,S15.28/15.29,,S15.32,T15.33,,,,,,,,,,,,,,,,,,,,,,,,,,,,,,,,,,,,,,,,,,,,,,,,,,,,,,,,,,,,,,
15:11,Holbourn V,Pass,EMU,Sevenoaks,,,,,,,,,,,,,,,,,,,,S15.39,,S15.41/15.42,,S15.45,,,S15.50,,T15.55,,,,,,,,,,,,,,,,,,,,,,,,,,,,,,,,,,,,,,,,,,,,,,,,,,,,,,,,,,
15:15,Margate,Pass,2-6-2T,Hastings,,,,,,,,,,,,,,,,,,,,,,,,,,,,,,,,,,,,,,,,,,,,,,,,,,,,,,,,,,,,,,,,,,,S15.15,,S15.21,S15.25,,T15.29,,,,,,,,,,,,,,,
15:18,Victoria,Pass,EMU,Gillingham,S15.18,,,,P15.23,,,P15.25,,,,,,,,,P15.31,,,P15.33,,S15.34/15.35,,P15.38,,,,S15.51,,S15.56,,S16.01,S16.05,,S16.08,,P16.13,P16.16,,,S16.17/16.18,,S16.20/16.22,,T16.25,,,,,,,,,,,,,,,,,,,,,,,,,,,,,,,,,,,,,,,,,,
15:20,Sheerness,Pass,C0-6-0,Sittingbourne,,,,,,,,,,,,,,,,,,,,,,,,,,,,,,,,,,,,,,,,,,,,,,,,,,P15.39,P15.40,T15.41,,,,,,,,,,,,,,,,,,,,,,,,,,,,,,S15.20,S15.26,S15.31,,S15.36,
15:24,Victoria,Pass,EMU,Orpington,S15.24,,,,S15.29,,,S15.32,,S15.34,S15.36,S15.39,,,S15.41,,S15.43,,,S15.46,,S15.48/15.49,,S15.52,T15.53,,,,,,,,,,,,,,,,,,,,,,,,,,,,,,,,,,,,,,,,,,,,,,,,,,,,,,,,,,,,,,
15:25,Margate,XP,WC,Charing Cross,,,,,,,,,,,,,,,,,,,,,,,,,,,,,,,,,,,,,,,,,,,,,,,,,,,,,,,,,,,,,,,,,,,S15.25,,S15.31,S15.35,,T15.39,,,,,,,,,,,,,,,
15:31,Holbourn V,Pass,EMU,Sevenoaks,,,,,,,,,,,,,,,,,,,S15.59,,S16.01/16.02,,S16.05,,,,S16.10,,T16.15,,,,,,,,,,,,,,,,,,,,,,,,,,,,,,,,,,,,,,,,,,,,,,,,,,,,,,,,,,
15:35,Victoria,XP,BRS4-6-0,Ramsgate,S15.35,,,,,,,P15.44,,,,,,,,,P15.52,,,P15.54,,S15.55/15.57,,,,,,P16.08,,,,,,,,,P16.23,P16.27,,,P16.28,,S16.29/16.32,P16.34,,,,,,,,,,S16.46/16.48,,,,S16.59/17.01,,S17.11,S17.17,S17.23/17.25,,,S17.37,S17.43,S17.48/17.51,,S17.59,S18.04,,T18.08,,,,,,,,,,,,,,,
15:42,Charing Cross,Pass,EMU,Gillingham,,,,,,,,,,,,,,,,,,,,,,,,,,,,,,,,,,,,,,P16.40,,,S16.41/16.42,,S16.43/16.45,,T16.48,,,,,,,,,,,,,,,,,,,,,,,,,,,,,,,,,,,,,,,,,,
15:44,Victoria,Pass,EMU,Orpington,S15.44,,,,S15.49,,,S15.52,,S15.54,S15.56,S15.59,,,S16.01,,S16.03,,,S16.06,,S16.08/16.09,,S16.12,T16.13,,,,,,,,,,,,,,,,,,,,,,,,,,,,,,,,,,,,,,,,,,,,,,,,,,,,,,,,,,,,,,
15:47,Holbourn V,Pass,EMU,Orpington,,,,,,,,S15.59,,S16.01,S16.03,S16.06,,,S16.08,,S16.10,,,P16.13,,S16.15/16.16,,S16.19,T16.21,,,,,,,,,,,,,,,,,,,,,,,,,,,,,,,,,,,,,,,,,,,,,,,,,,,,,,,,,,,,,,
15:51,Holbourn V,Pass,EMU,Sevenoaks,,,,,,,,,,,,,,,,,,,S16.19,,S16.21/16.22,,S16.25,,,,S16.30,,T16.35,,,,,,,,,,,,,,,,,,,,,,,,,,,,,,,,,,,,,,,,,,,,,,,,,,,,,,,,,,
16:04,Holbourn V,Pass,EMU,Orpington,,,,,,,,S16.15,,S16.17,S16.19,,,,S16.24,,S16.26,,S16.29,,S16.30/16.31,,S16.34,,T16.36,,,,,,,,,,,,,,,,,,,,,,,,,,,,,,,,,,,,,,,,,,,,,,,,,,,,,,,,,,,,,,
16:04,Victoria,Pass,EMU,Orpington,S16.04,,,,S16.09,,,S16.11,,S16.13,S16.15,S16.18,,,S16.20,,S16.23,,,S16.25,,S16.27/16.28,,S16.31,T16.33,,,,,,,,,,,,,,,,,,,,,,,,,,,,,,,,,,,,,,,,,,,,,,,,,,,,,,,,,,,,,,
16:06,Victoria,ECS,2-6-2T,Cannon St,S16.06,,,,T16.15,,,,,,,,,,,,,,,,,,,,,,,,,,,,,,,,,,,,,,,,,,,,,,,,,,,,,,,,,,,,,,,,,,,,,,,,,,,,,,,,,,
16:11,Holbourn V,Pass,EMU,Sevenoaks,,,,,,,,,,,,,,,,,,,,S16.39,,S16.41/16.42,,S16.45,,,S16.50,,T16.55,,,,,,,,,,,,,,,,,,,,,,,,,,,,,,,,,,,,,,,,,,,,,,,,,,,,,,,,,,
16:14,Cannon Street,Pass,EMU,Gillingham,,,,,,,,,,,,,,,,,,,,,,,,,,,,,,,,,,,,,,P17.09,,,S17.10/17.11,,S17.13/17.14,,T17.17,,,,,,,,,,,,,,,,,,,,,,,,,,,,,,,,,,,,,,,,,,
16:15,Sheerness,Pass,2-6-2T,Sittingbourne,,,,,,,,,,,,,,,,,,,,,,,,,,,,,,,,,,,,,,,,,,,,,,,,,,P16.34,P16.35,T16.36,,,,,,,,,,,,,,,,,,,,,,,,,,,,,,S16.15,S16.21,S16.27,,S16.31,
16:18,Victoria,Pass,EMU,Gillingham,S16.18,,,,P16.23,,,P16.25,,,,,,,,,P16.31,,,P16.33,,S16.34/16.35,,P16.38,,,,S16.48,,S16.53,,S16.58,S17.02,,S17.05,,P17.10,P17.13,,,S17.14/17.15,,S17.17/17.19,,T17.22,,,,,,,,,,,,,,,,,,,,,,,,,,,,,,,,,,,,,,,,,,
16:20,Cannon Street,Pass,EMU,Gillingham,,,,,,,,,,,,,,,,,,,,,,,,,,,,,,,,,,,,,,P17.33,,,S17.34/17.35,,S17.37/17.38,,T17.41,,,,,,,,,,,,,,,,,,,,,,,,,,,,,,,,,,,,,,,,,,
16:22,Margate,Pass,2-6-4T,Ashford,,,,,,,,,,,,,,,,,,,,,,,,,,,,,,,,,,,,,,,,,,,,,,,,,,,,,,,,,,,,,,,,,,,S16.22,,S16.30,S16.34,,T16.38,,,,,,,,,,,,,,,
16:22,Victoria,Pass,EMU,Orpington,S16.20,,,,S16.27,,,S16.30,,S16.32,S16.34,S16.37,,,S16.39,,S16.41,,S16.44,,S16.47/16.50,,S16.53,,T16.54,,,,,,,,,,,,,,,,,,,,,,,,,,,,,,,,,,,,,,,,,,,,,,,,,,,,,,,,,,,,,,
16:26,Holbourn V,Pass,EMU,Orpington,,,,,,,,S16.40,,S16.43,S16.45,S16.40,,,S16.50,,S16.52,,,P16.55,,S16.56/16.57,,S17.00,T17.02,,,,,,,,,,,,,,,,,,,,,,,,,,,,,,,,,,,,,,,,,,,,,,,,,,,,,,,,,,,,,,
16:31,Holbourn V,Pass,EMU,Sevenoaks,,,,,,,,,,,,,,,,,,,S16.59,,S17.01/17.02,,S17.05,,,,S17.11,,T17.16,,,,,,,,,,,,,,,,,,,,,,,,,,,,,,,,,,,,,,,,,,,,,,,,,,,,,,,,,,
16:32,Cannon Street,Pass,L4-4-0,Ramsgate,,,,,,,,,,,,,,,,,,,,,,,,,,P16.55,,P17.00,,,,,,,P17.10,,P17.15,P17.19,,,S17.20/17.21,S17.23/17.30,,S17.34/17.35,,S17.40,,S17.47,,,,,,S17.53/17.56,,S18.02,S18.11/18.24,,,S18.34,S18.39,S18.45/18.46,,,S18.58,S19.03,S19.08/19.11,,S19.19,S19.23,,T19.27,,,,,,,,,,,,,,,
16:34,Victoria,Pass,EMU,Herne Hill,S16.34,,,,S16.39,,,T16.42,,,,,,,,,,,,,,,,,,,,,,,,,,,,,,,,,,,,,,,,,,,,,,,,,,,,,,,,,,,,,,,,,,,,,,,,,,,,,,,
16:37,Chatham,Pass,2-6-2T,Sittingbourne,,,,,,,,,,,,,,,,,,,,,,,,,,,,,,,,,,,,,,,,,,,S16.37,S16.41/16.43,,,S16.48,S16.54,,,,,,T17.02,,,,,,,,,,,,,,,,,,,,,,,,,,,,,,,,,
16:40,Holbourn V,Pass,EMU,Gillingham,,,,,,,,P16.50,,,,,,,,,P16.57,,,P16.59,,S17.00/17.01,,,,,P17.06,S17.12,,S17.17,,S17.22,S17.26,,S17.29,,P17.34,P17.37,,,S17.38/17.39,,S17.41/17.43,,T17.46,,,,,,,,,,,,,,,,,,,,,,,,,,,,,,,,,,,,,,,,,,
16:42,Charing Cross,Pass,EMU,Gillingham,,,,,,,,,,,,,,,,,,,,,,,,,,,,,,,,,,,,,,P17.43,,,S17.44/17.45,,S17.47/17.49,,T17.52,,,,,,,,,,,,,,,,,,,,,,,,,,,,,,,,,,,,,,,,,,
16:44,Victoria,Pass,EMU,Orpington,S16.44,,,,S16.49,,,S16.52,,S16.54,S16.56,S16.59,,,S17.01,,S17.03,,,S17.06,,S17.09/17.11,,S17.14,T17.15,,,,,,,,,,,,,,,,,,,,,,,,,,,,,,,,,,,,,,,,,,,,,,,,,,,,,,,,,,,,,,
16:45,Cannon Street,XP,WC,Ramsgate,,,,,,,,,,,,,,,,,,,,,,,,,,P17.03,,P17.08,,,,,,,P17.18,,P17.23,P17.26,,,P17.27,,P17.28,P17.30,,,,,,,,,,P17.40,,,,S17.49/17.53,,S18.03,S18.09,S18.13/18.14,,,S18.26,S18.31,S18.36/18.39,,S18.47,S18.51,,T18.55,,,,,,,,,,,,,,,
16:45,Holbourn V,Pass,EMU,Bickley,,,,,,,,,,S16.59,S17.01,S17.04,,,S17.06,,S17.09,,,S17.11,,S17.13/17.14,,T17.17,,,,,,,,,,,,,,,,,,,,,,,,,,,,,,,,,,,,,,,,,,,,,,,,,,,,,,,,,,,,,,,
16:51,Holbourn V,Pass,EMU,Sevenoaks,,,,,,,,,,,,,,,,,,,S17.19,,S17.21/17.22,,S17.25,,,,S17.30,,T17.35,,,,,,,,,,,,,,,,,,,,,,,,,,,,,,,,,,,,,,,,,,,,,,,,,,,,,,,,,,
16:52,Victoria,Pass,EMU,Maidstone,S16.52,,,P16.57,,,,,,,,,,,,,,P17.08,,,S17.10/17.12,,,,,,,,T17.21,,,,,,,,,,,,,,,,,,,,,,,,,,,,,,,,,,,,,,,,,,,,,,,,,,,,,,,,,,
16:55,Margate,XP,WC,Charing Cross,,,,,,,,,,,,,,,,,,,,,,,,,,,,,,,,,,,,,,,,,,,,,,,,,,,,,,,,,,,,,,,,,,,S16.55,,S17.03,S17.07,,T17.11,,,,,,,,,,,,,,,
16:55,strood,Pass,4-4-0T,Dover,,,,,,,,,,,,,,,,,,,,,,,,,,,,,,,,,,,,,,P16.57,,,S16.58/17.00,,S17.03/17.06,S17.10/17.11,,S17.16,,,,,,,,S17.26/17.31,,,S17.42/17.52,,,,,,,,,,,,,,,,S17.59,S18.10/18.16,S18.23,S18.29,S18.33,S18.37,S18.43,S18.54,T19.02,,,,,,
17:04,Holbourn V,Pass,EMU,Bickley,,,,,,,S17.15,,,S17.18,S17.20,S17.24,,,S17.26,,S17.28,,,S17.31,,S17.32/17.34,,T17.36,,,,,,,,,,,,,,,,,,,,,,,,,,,,,,,,,,,,,,,,,,,,,,,,,,,,,,,,,,,,,,,
17:04,Victoria,Pass,EMU,Orpington,S17.04,,,,S17.09,,,S17.12,,S17.14,S17.16,S17.19,,,S17.21,,S17.23,,,S17.26,,S17.28/17.29,,S17.32,T17.34,,,,,,,,,,,,,,,,,,,,,,,,,,,,,,,,,,,,,,,,,,,,,,,,,,,,,,,,,,,,,,
17:07,Cannon Street,Pass,EMU,Gillingham,,,,,,,,,,,,,,,,,,,,,,,,,,,,,,,,,,,,,,P18.02,,,S18.03/18.04,,S18.06/08.07,,T18.10,,,,,,,,,,,,,,,,,,,,,,,,,,,,,,,,,,,,,,,,,,
17:10,Sheerness,Pass,2-6-2T,Sittingbourne,,,,,,,,,,,,,,,,,,,,,,,,,,,,,,,,,,,,,,,,,,,,,,,,,,,,,,,,,,,,,,,,,,,,,,,,,,,,,,,,,,,,,,,
17:11,Holbourn V,Pass,EMU,Sevenoaks,,,,,,,,,,,,,,,,,,,,,,,,,,,,,,,,,,,,,,,,,,,,,,,,,,,,,,,,,,,,,,,,,,,,,,,,,,,,,,,,,,,,,,,
17:12,Charing Cross,Pass,EMU,Gillingham,,,,,,,,,,,,,,,,,,,,,,,,,,,,,,,,,,,,,,,,,,,,,,,,,,,,,,,,,,,,,,,,,,,,,,,,,,,,,,,,,,,,,,,
17:12,Faversham,Pass,2-6-2T,Dover,,,,,,,,,,,,,,,,,,,,,,,,,,,,,,,,,,,,,,,,,,,,,,,,,,,,,,,,,,,,,,,,,,,,,,,,,,,,,,,,,,,,,,,
17:15,Cannon Street,XP,WC,Ramsgate,,,,,,,,,,,,,,,,,,,,,,,,,,,,,,,,,,,,,,,,,,,,,,,,,,,,,,,,,,,,,,,,,,,,,,,,,,,,,,,,,,,,,,,
17:17,Holbourn V,Pass,EMU,Orpington,,,,,,,,,,,,,,,,,,,,,,,,,,,,,,,,,,,,,,,,,,,,,,,,,,,,,,,,,,,,,,,,,,,,,,,,,,,,,,,,,,,,,,,
17:20,Victoria,Pass,EMU,Gillingham,,,,,,,,,,,,,,,,,,,,,,,,,,,,,,,,,,,,,,,,,,,,,,,,,,,,,,,,,,,,,,,,,,,,,,,,,,,,,,,,,,,,,,,
17:21,Cannon Street,Pass,2-6-0,Dover,,,,,,,,,,,,,,,,,,,,,,,,,,,,,,,,,,,,,,,,,,,,,,,,,,,,,,,,,,,,,,,,,,,,,,,,,,,,,,,,,,,,,,,
17:24,Victoria,Pass,EMU,Bickley,,,,,,,,,,,,,,,,,,,,,,,,,,,,,,,,,,,,,,,,,,,,,,,,,,,,,,,,,,,,,,,,,,,,,,,,,,,,,,,,,,,,,,,
17:27,Holbourn V,Pass,EMU,Orpington,,,,,,,,,,,,,,,,,,,,,,,,,,,,,,,,,,,,,,,,,,,,,,,,,,,,,,,,,,,,,,,,,,,,,,,,,,,,,,,,,,,,,,,
17:35,Margate,Pass,2-6-0,Dover,,,,,,,,,,,,,,,,,,,,,,,,,,,,,,,,,,,,,,,,,,,,,,,,,,,,,,,,,,,,,,,,,,,,,,,,,,,,,,,,,,,,,,,
17:35,Victoria,Pass,EMU,Orpington,,,,,,,,,,,,,,,,,,,,,,,,,,,,,,,,,,,,,,,,,,,,,,,,,,,,,,,,,,,,,,,,,,,,,,,,,,,,,,,,,,,,,,,
17:40,Sheerness,Pass,2-6-2T,Sittingbourne,,,,,,,,,,,,,,,,,,,,,,,,,,,,,,,,,,,,,,,,,,,,,,,,,,,,,,,,,,,,,,,,,,,,,,,,,,,,,,,,,,,,,,,
17:42,Charing Cross,Pass,EMU,Gillingham,,,,,,,,,,,,,,,,,,,,,,,,,,,,,,,,,,,,,,,,,,,,,,,,,,,,,,,,,,,,,,,,,,,,,,,,,,,,,,,,,,,,,,,
17:44,Victoria,Pass,EMU,Orpington,,,,,,,,,,,,,,,,,,,,,,,,,,,,,,,,,,,,,,,,,,,,,,,,,,,,,,,,,,,,,,,,,,,,,,,,,,,,,,,,,,,,,,,
17:45,Cannon Street,XP,WC,Ramsgate,,,,,,,,,,,,,,,,,,,,,,,,,,,,,,,,,,,,,,,,,,,,,,,,,,,,,,,,,,,,,,,,,,,,,,,,,,,,,,,,,,,,,,,
17:47,Holbourn V,Pass,EMU,Orpington,,,,,,,,,,,,,,,,,,,,,,,,,,,,,,,,,,,,,,,,,,,,,,,,,,,,,,,,,,,,,,,,,,,,,,,,,,,,,,,,,,,,,,,
17:50,Charing Cross,Pass,EMU,Gillingham,,,,,,,,,,,,,,,,,,,,,,,,,,,,,,,,,,,,,,,,,,,,,,,,,,,,,,,,,,,,,,,,,,,,,,,,,,,,,,,,,,,,,,,
17:51,Holbourn V,Pass,EMU,Sevenoaks,,,,,,,,,,,,,,,,,,,,,,,,,,,,,,,,,,,,,,,,,,,,,,,,,,,,,,,,,,,,,,,,,,,,,,,,,,,,,,,,,,,,,,,
17:53,Victoria,Pass,EMU,Maidstone,,,,,,,,,,,,,,,,,,,,,,,,,,,,,,,,,,,,,,,,,,,,,,,,,,,,,,,,,,,,,,,,,,,,,,,,,,,,,,,,,,,,,,,
17:57,Charing Cross,Pass,EMU,Gillingham,,,,,,,,,,,,,,,,,,,,,,,,,,,,,,,,,,,,,,,,,,,,,,,,,,,,,,,,,,,,,,,,,,,,,,,,,,,,,,,,,,,,,,,
17:57,Holbourn V,Pass,EMU,Orpington,,,,,,,,,,,,,,,,,,,,,,,,,,,,,,,,,,,,,,,,,,,,,,,,,,,,,,,,,,,,,,,,,,,,,,,,,,,,,,,,,,,,,,,
18:04,Holbourn V,Pass,EMU,Orpington,,,,,,,,,,,,,,,,,,,,,,,,,,,,,,,,,,,,,,,,,,,,,,,,,,,,,,,,,,,,,,,,,,,,,,,,,,,,,,,,,,,,,,,
18:04,Victoria,Pass,EMU,Orpington,,,,,,,,,,,,,,,,,,,,,,,,,,,,,,,,,,,,,,,,,,,,,,,,,,,,,,,,,,,,,,,,,,,,,,,,,,,,,,,,,,,,,,,
18:06,Charing Cross,Pass,EMU,Gillingham,,,,,,,,,,,,,,,,,,,,,,,,,,,,,,,,,,,,,,,,,,,,,,,,,,,,,,,,,,,,,,,,,,,,,,,,,,,,,,,,,,,,,,,
18:06,Sheerness,Pass,2-6-2T,Sittingbourne,,,,,,,,,,,,,,,,,,,,,,,,,,,,,,,,,,,,,,,,,,,,,,,,,,,,,,,,,,,,,,,,,,,,,,,,,,,,,,,,,,,,,,,
18:11,Holbourn V,Pass,EMU,Sevenoaks,,,,,,,,,,,,,,,,,,,,,,,,,,,,,,,,,,,,,,,,,,,,,,,,,,,,,,,,,,,,,,,,,,,,,,,,,,,,,,,,,,,,,,,
18:15,Sittingbourne,Light,2-6-2T,Teynham,,,,,,,,,,,,,,,,,,,,,,,,,,,,,,,,,,,,,,,,,,,,,,,,,,,,,,,,,,,,,,,,,,,,,,,,,,,,,,,,,,,,,,,
18:16,Cannon Street,XP,V4-4-0,Ramsgate,,,,,,,,,,,,,,,,,,,,,,,,,,,,,,,,,,,,,,,,,,,,,,,,,,,,,,,,,,,,,,,,,,,,,,,,,,,,,,,,,,,,,,,
18:18,Victoria,Pass,EMU,Maidstone,,,,,,,,,,,,,,,,,,,,,,,,,,,,,,,,,,,,,,,,,,,,,,,,,,,,,,,,,,,,,,,,,,,,,,,,,,,,,,,,,,,,,,,
18:21,Chatham,Pass,2-6-2T,Sheerness,,,,,,,,,,,,,,,,,,,,,,,,,,,,,,,,,,,,,,,,,,,,,,,,,,,,,,,,,,,,,,,,,,,,,,,,,,,,,,,,,,,,,,,
18:23,Cannon Street,Pass,V4-4-0,Faversham,,,,,,,,,,,,,,,,,,,,,,,,,,,,,,,,,,,,,,,,,,,,,,,,,,,,,,,,,,,,,,,,,,,,,,,,,,,,,,,,,,,,,,,
18:24,Holbourn V,Pass,EMU,Gillingham,,,,,,,,,,,,,,,,,,,,,,,,,,,,,,,,,,,,,,,,,,,,,,,,,,,,,,,,,,,,,,,,,,,,,,,,,,,,,,,,,,,,,,,
18:24,Victoria,Pass,EMU,Orpington,,,,,,,,,,,,,,,,,,,,,,,,,,,,,,,,,,,,,,,,,,,,,,,,,,,,,,,,,,,,,,,,,,,,,,,,,,,,,,,,,,,,,,,
18:27,Holbourn V,Pass,EMU,Bickley,,,,,,,,,,,,,,,,,,,,,,,,,,,,,,,,,,,,,,,,,,,,,,,,,,,,,,,,,,,,,,,,,,,,,,,,,,,,,,,,,,,,,,,
18:31,Holbourn V,Pass,EMU,Sevenoaks,,,,,,,,,,,,,,,,,,,,,,,,,,,,,,,,,,,,,,,,,,,,,,,,,,,,,,,,,,,,,,,,,,,,,,,,,,,,,,,,,,,,,,,
18:38,Chatham,Pass,C0-6-0,Sittingbourne,,,,,,,,,,,,,,,,,,,,,,,,,,,,,,,,,,,,,,,,,,,,,,,,,,,,,,,,,,,,,,,,,,,,,,,,,,,,,,,,,,,,,,,
18:42,Charing Cross,Pass,EMU,Gillingham,,,,,,,,,,,,,,,,,,,,,,,,,,,,,,,,,,,,,,,,,,,,,,,,,,,,,,,,,,,,,,,,,,,,,,,,,,,,,,,,,,,,,,,
18:44,Victoria,pass,EMU,Orpington,,,,,,,,,,,,,,,,,,,,,,,,,,,,,,,,,,,,,,,,,,,,,,,,,,,,,,,,,,,,,,,,,,,,,,,,,,,,,,,,,,,,,,,
18:47,Holbourn V,pass,emu,Orpington,,,,,,,,,,,,,,,,,,,,,,,,,,,,,,,,,,,,,,,,,,,,,,,,,,,,,,,,,,,,,,,,,,,,,,,,,,,,,,,,,,,,,,,
18:50,Charing Cross,pass,emu,Gillingham,,,,,,,,,,,,,,,,,,,,,,,,,,,,,,,,,,,,,,,,,,,,,,,,,,,,,,,,,,,,,,,,,,,,,,,,,,,,,,,,,,,,,,,
18:50,Margate,XP,V4-4-0,Charing Cross,,,,,,,,,,,,,,,,,,,,,,,,,,,,,,,,,,,,,,,,,,,,,,,,,,,,,,,,,,,,,,,,,,,,,,,,,,,,,,,,,,,,,,,
18:50,Victoria,pass,EMU,Gillingham,,,,,,,,,,,,,,,,,,,,,,,,,,,,,,,,,,,,,,,,,,,,,,,,,,,,,,,,,,,,,,,,,,,,,,,,,,,,,,,,,,,,,,,
18:51,Holbourn V,pass,emu,Sevenoaks,,,,,,,,,,,,,,,,,,,,,,,,,,,,,,,,,,,,,,,,,,,,,,,,,,,,,,,,,,,,,,,,,,,,,,,,,,,,,,,,,,,,,,,
19:04,Victoria,pass,emu,Orpington,,,,,,,,,,,,,,,,,,,,,,,,,,,,,,,,,,,,,,,,,,,,,,,,,,,,,,,,,,,,,,,,,,,,,,,,,,,,,,,,,,,,,,,
19:05,Sheerness,Pass,2-6-2T,Chatham,,,,,,,,,,,,,,,,,,,,,,,,,,,,,,,,,,,,,,,,,,,,,,,,,,,,,,,,,,,,,,,,,,,,,,,,,,,,,,,,,,,,,,,
19:10,Charing Cross,pass,emu,Gillingham,,,,,,,,,,,,,,,,,,,,,,,,,,,,,,,,,,,,,,,,,,,,,,,,,,,,,,,,,,,,,,,,,,,,,,,,,,,,,,,,,,,,,,,
19:11,Holbourn V,pass,emu,Sevenoaks,,,,,,,,,,,,,,,,,,,,,,,,,,,,,,,,,,,,,,,,,,,,,,,,,,,,,,,,,,,,,,,,,,,,,,,,,,,,,,,,,,,,,,,
19:18,Victoria,pass,emu,Gillingham,,,,,,,,,,,,,,,,,,,,,,,,,,,,,,,,,,,,,,,,,,,,,,,,,,,,,,,,,,,,,,,,,,,,,,,,,,,,,,,,,,,,,,,
19:24,Victoria,pass,emu,Orpington,,,,,,,,,,,,,,,,,,,,,,,,,,,,,,,,,,,,,,,,,,,,,,,,,,,,,,,,,,,,,,,,,,,,,,,,,,,,,,,,,,,,,,,
19:28,Sheerness,Pass,2-6-2T,Faversham,,,,,,,,,,,,,,,,,,,,,,,,,,,,,,,,,,,,,,,,,,,,,,,,,,,,,,,,,,,,,,,,,,,,,,,,,,,,,,,,,,,,,,,
19:31,Holbourn V,pass,emu,Sevenoaks,,,,,,,,,,,,,,,,,,,,,,,,,,,,,,,,,,,,,,,,,,,,,,,,,,,,,,,,,,,,,,,,,,,,,,,,,,,,,,,,,,,,,,,
19:35,Victoria,XP,wc,Ramsgate,,,,,,,,,,,,,,,,,,,,,,,,,,,,,,,,,,,,,,,,,,,,,,,,,,,,,,,,,,,,,,,,,,,,,,,,,,,,,,,,,,,,,,,
19:42,Charing Cross,pass,emu,Gillingham,,,,,,,,,,,,,,,,,,,,,,,,,,,,,,,,,,,,,,,,,,,,,,,,,,,,,,,,,,,,,,,,,,,,,,,,,,,,,,,,,,,,,,,
19:44,Victoria,pass,emu,Orpington,,,,,,,,,,,,,,,,,,,,,,,,,,,,,,,,,,,,,,,,,,,,,,,,,,,,,,,,,,,,,,,,,,,,,,,,,,,,,,,,,,,,,,,
19:51,Holbourn V,pass,emu,Sevenoaks,,,,,,,,,,,,,,,,,,,,,,,,,,,,,,,,,,,,,,,,,,,,,,,,,,,,,,,,,,,,,,,,,,,,,,,,,,,,,,,,,,,,,,,
19:55,Cannon Street,pass,emu,Gillingham,,,,,,,,,,,,,,,,,,,,,,,,,,,,,,,,,,,,,,,,,,,,,,,,,,,,,,,,,,,,,,,,,,,,,,,,,,,,,,,,,,,,,,,
20:04,Victoria,pass,emu,Orpington,,,,,,,,,,,,,,,,,,,,,,,,,,,,,,,,,,,,,,,,,,,,,,,,,,,,,,,,,,,,,,,,,,,,,,,,,,,,,,,,,,,,,,,
20:05,Faversham,pass,L4-4-0,Ramsgate,,,,,,,,,,,,,,,,,,,,,,,,,,,,,,,,,,,,,,,,,,,,,,,,,,,,,,,,,,,,,,,,,,,,,,,,,,,,,,,,,,,,,,,
20:11,Holbourn V,pass,emu,Sevenoaks,,,,,,,,,,,,,,,,,,,,,,,,,,,,,,,,,,,,,,,,,,,,,,,,,,,,,,,,,,,,,,,,,,,,,,,,,,,,,,,,,,,,,,,
20:17,Sheerness,pass,2-6-2T,Sittingbourne,,,,,,,,,,,,,,,,,,,,,,,,,,,,,,,,,,,,,,,,,,,,,,,,,,,,,,,,,,,,,,,,,,,,,,,,,,,,,,,,,,,,,,,
20:18,Victoria,pass,emu,Gillingham,,,,,,,,,,,,,,,,,,,,,,,,,,,,,,,,,,,,,,,,,,,,,,,,,,,,,,,,,,,,,,,,,,,,,,,,,,,,,,,,,,,,,,,
20:24,Victoria,pass,emu,Orpington,,,,,,,,,,,,,,,,,,,,,,,,,,,,,,,,,,,,,,,,,,,,,,,,,,,,,,,,,,,,,,,,,,,,,,,,,,,,,,,,,,,,,,,
20:31,Holbourn V,pass,emu,Sevenoaks,,,,,,,,,,,,,,,,,,,,,,,,,,,,,,,,,,,,,,,,,,,,,,,,,,,,,,,,,,,,,,,,,,,,,,,,,,,,,,,,,,,,,,,
20:35,Victoria,XP,V4-4-0,Ramsgate,,,,,,,,,,,,,,,,,,,,,,,,,,,,,,,,,,,,,,,,,,,,,,,,,,,,,,,,,,,,,,,,,,,,,,,,,,,,,,,,,,,,,,,
20:38,Chatham,pass,2-6-2T,Faversham,,,,,,,,,,,,,,,,,,,,,,,,,,,,,,,,,,,,,,,,,,,,,,,,,,,,,,,,,,,,,,,,,,,,,,,,,,,,,,,,,,,,,,,
20:42,Charing Cross,pass,emu,Gillingham,,,,,,,,,,,,,,,,,,,,,,,,,,,,,,,,,,,,,,,,,,,,,,,,,,,,,,,,,,,,,,,,,,,,,,,,,,,,,,,,,,,,,,,
20:44,Victoria,pass,emu,Orpington,,,,,,,,,,,,,,,,,,,,,,,,,,,,,,,,,,,,,,,,,,,,,,,,,,,,,,,,,,,,,,,,,,,,,,,,,,,,,,,,,,,,,,,
20:45,b'ham,Goods,C0-6-0,Bromley South,,,,,,,,,,,,,,,,,,,,,,,,,,,,,,,,,,,,,,,,,,,,,,,,,,,,,,,,,,,,,,,,,,,,,,,,,,,,,,,,,,,,,,,
20:51,Holbourn V,pass,emu,Sevenoaks,,,,,,,,,,,,,,,,,,,,,,,,,,,,,,,,,,,,,,,,,,,,,,,,,,,,,,,,,,,,,,,,,,,,,,,,,,,,,,,,,,,,,,,
20:55,Cannon Street,pass,emu,Gillingham,,,,,,,,,,,,,,,,,,,,,,,,,,,,,,,,,,,,,,,,,,,,,,,,,,,,,,,,,,,,,,,,,,,,,,,,,,,,,,,,,,,,,,,
21:00,Victoria,Boat,wc,Paris,,,,,,,,,,,,,,,,,,,,,,,,,,,,,,,,,,,,,,,,,,,,,,,,,,,,,,,,,,,,,,,,,,,,,,,,,,,,,,,,,,,,,,,
21:01,Faversham,pass,2-6-4T,dover,,,,,,,,,,,,,,,,,,,,,,,,,,,,,,,,,,,,,,,,,,,,,,,,,,,,,,,,,,,,,,,,,,,,,,,,,,,,,,,,,,,,,,,
21:04,Victoria,pass,emu,Orpington,,,,,,,,,,,,,,,,,,,,,,,,,,,,,,,,,,,,,,,,,,,,,,,,,,,,,,,,,,,,,,,,,,,,,,,,,,,,,,,,,,,,,,,
21:05,Hoo Junction,Goods,C0-6-0,Chatham Goods,,,,,,,,,,,,,,,,,,,,,,,,,,,,,,,,,,,,,,,,,,,,,,,,,,,,,,,,,,,,,,,,,,,,,,,,,,,,,,,,,,,,,,,
21:11,Holbourn V,pass,emu,Sevenoaks,,,,,,,,,,,,,,,,,,,,,,,,,,,,,,,,,,,,,,,,,,,,,,,,,,,,,,,,,,,,,,,,,,,,,,,,,,,,,,,,,,,,,,,
21:18,Victoria,pass,emu,Gillingham,,,,,,,,,,,,,,,,,,,,,,,,,,,,,,,,,,,,,,,,,,,,,,,,,,,,,,,,,,,,,,,,,,,,,,,,,,,,,,,,,,,,,,,
21:20,Margate,pass,2-6-2T,Canterbury,,,,,,,,,,,,,,,,,,,,,,,,,,,,,,,,,,,,,,,,,,,,,,,,,,,,,,,,,,,,,,,,,,,,,,,,,,,,,,,,,,,,,,,
21:22,Sheerness,pass,2-6-2T,Faversham,,,,,,,,,,,,,,,,,,,,,,,,,,,,,,,,,,,,,,,,,,,,,,,,,,,,,,,,,,,,,,,,,,,,,,,,,,,,,,,,,,,,,,,
21:24,Victoria,pass,emu,Orpington,,,,,,,,,,,,,,,,,,,,,,,,,,,,,,,,,,,,,,,,,,,,,,,,,,,,,,,,,,,,,,,,,,,,,,,,,,,,,,,,,,,,,,,
21:28,Margate,pass,wc,Cannon St,,,,,,,,,,,,,,,,,,,,,,,,,,,,,,,,,,,,,,,,,,,,,,,,,,,,,,,,,,,,,,,,,,,,,,,,,,,,,,,,,,,,,,,
21:31,Holbourn V,pass,emu,Sevenoaks,,,,,,,,,,,,,,,,,,,,,,,,,,,,,,,,,,,,,,,,,,,,,,,,,,,,,,,,,,,,,,,,,,,,,,,,,,,,,,,,,,,,,,,
21:35,Victoria,XP,wc,Ramsgate,,,,,,,,,,,,,,,,,,,,,,,,,,,,,,,,,,,,,,,,,,,,,,,,,,,,,,,,,,,,,,,,,,,,,,,,,,,,,,,,,,,,,,,
21:42,Charing Cross,pass,emu,Gillingham,,,,,,,,,,,,,,,,,,,,,,,,,,,,,,,,,,,,,,,,,,,,,,,,,,,,,,,,,,,,,,,,,,,,,,,,,,,,,,,,,,,,,,,
21:44,Victoria,pass,emu,Orpington,,,,,,,,,,,,,,,,,,,,,,,,,,,,,,,,,,,,,,,,,,,,,,,,,,,,,,,,,,,,,,,,,,,,,,,,,,,,,,,,,,,,,,,
21:51,Holbourn V,pass,emu,Sevenoaks,,,,,,,,,,,,,,,,,,,,,,,,,,,,,,,,,,,,,,,,,,,,,,,,,,,,,,,,,,,,,,,,,,,,,,,,,,,,,,,,,,,,,,,
21:54,NorthFleet Goods,Goods,N2-6-0,Chatham Goods,,,,,,,,,,,,,,,,,,,,,,,,,,,,,,,,,,,,,,,,,,,,,,,,,,,,,,,,,,,,,,,,,,,,,,,,,,,,,,,,,,,,,,,
21:55,Cannon Street,pass,emu,Gillingham,,,,,,,,,,,,,,,,,,,,,,,,,,,,,,,,,,,,,,,,,,,,,,,,,,,,,,,,,,,,,,,,,,,,,,,,,,,,,,,,,,,,,,,
21:58,Margate,pass,2-6-4T,Ashford,,,,,,,,,,,,,,,,,,,,,,,,,,,,,,,,,,,,,,,,,,,,,,,,,,,,,,,,,,,,,,,,,,,,,,,,,,,,,,,,,,,,,,,
22:00,Hither Green,Goods,N2-6-0,Dover,,,,,,,,,,,,,,,,,,,,,,,,,,,,,,,,,,,,,,,S01.00,,P01.03,,P01.08,S01.28,,P,,P,P,,P,,,S02.11,,P,S02.48,,,,,,,,,,,,,,,,P,P03.23,P,P,P,S04.25,S04.55,P,T05.15,,,,,,
22:04,Victoria,pass,emu,Orpington,,,,,,,,,,,,,,,,,,,,,,,,,,,,,,,,,,,,,,,,,,,,,,,,,,,,,,,,,,,,,,,,,,,,,,,,,,,,,,,,,,,,,,,
22:11,Sheerness,pass,2-6-2T,Sittingbourne,,,,,,,,,,,,,,,,,,,,,,,,,,,,,,,,,,,,,,,,,,,,,,,,,,,,,,,,,,,,,,,,,,,,,,,,,,,,,,,,,,,,,,,
22:18,Victoria,pass,emu,Gillingham,,,,,,,,,,,,,,,,,,,,,,,,,,,,,,,,,,,,,,,,,,,,,,,,,,,,,,,,,,,,,,,,,,,,,,,,,,,,,,,,,,,,,,,
22:24,Victoria,pass,emu,Orpington,,,,,,,,,,,,,,,,,,,,,,,,,,,,,,,,,,,,,,,,,,,,,,,,,,,,,,,,,,,,,,,,,,,,,,,,,,,,,,,,,,,,,,,
22:31,Holbourn V,pass,emu,Sevenoaks,,,,,,,,,,,,,,,,,,,,,,,,,,,,,,,,,,,,,,,,,,,,,,,,,,,,,,,,,,,,,,,,,,,,,,,,,,,,,,,,,,,,,,,
22:36,Hoo Junction,Goods,C0-6-0,rainham,,,,,,,,,,,,,,,,,,,,,,,,,,,,,,,,,,,,,,,,,,,,,,,,,,,,,,,,,,,,,,,,,,,,,,,,,,,,,,,,,,,,,,,
22:42,Charing Cross,pass,emu,Gillingham,,,,,,,,,,,,,,,,,,,,,,,,,,,,,,,,,,,,,,,,,,,,,,,,,,,,,,,,,,,,,,,,,,,,,,,,,,,,,,,,,,,,,,,
22:44,Victoria,pass,emu,Orpington,,,,,,,,,,,,,,,,,,,,,,,,,,,,,,,,,,,,,,,,,,,,,,,,,,,,,,,,,,,,,,,,,,,,,,,,,,,,,,,,,,,,,,,
22:46,Charing Cross,Pass,EMU,Gillingham,,,,,,,,,,,,,,,,,,,,,,,,,,,,,,,,,,,,,,P00/05,,,S00.07,,S00.10,,T00.13,,,,,,,,,,,,,,,,,,,,,,,,,,,,,,,,,,,,,,,,,,
22:46,Charing Cross,pass,emu,Gillingham,,,,,,,,,,,,,,,,,,,,,,,,,,,,,,,,,,,,,,,,,,,,,,,,,,,,,,,,,,,,,,,,,,,,,,,,,,,,,,,,,,,,,,,
22:51,Holbourn V,pass,emu,Sevenoaks,,,,,,,,,,,,,,,,,,,,,,,,,,,,,,,,,,,,,,,,,,,,,,,,,,,,,,,,,,,,,,,,,,,,,,,,,,,,,,,,,,,,,,,
22:57,Faversham,pass,2-6-2T,Dover,,,,,,,,,,,,,,,,,,,,,,,,,,,,,,,,,,,,,,,,,,,,,,,,,,,,,,,,,,,,,,,,,,,,,,,,,,,,,,,,,,,,,,,
23:04,Victoria,pass,emu,Orpington,,,,,,,,,,,,,,,,,,,,,,,,,,,,,,,,,,,,,,,,,,,,,,,,,,,,,,,,,,,,,,,,,,,,,,,,,,,,,,,,,,,,,,,
23:07,Gravesend,P&P,H0-4-4T,Gillingham,,,,,,,,,,,,,,,,,,,,,,,,,,,,,,,,,,,,,,,,,,,,,,,,,,,,,,,,,,,,,,,,,,,,,,,,,,,,,,,,,,,,,,,
23:10,BLA,Goods,BR4 4-6-0,Dover,,,,,,,,,,,,,,,,,,,,,,,,,,,,,,,,,,,,,,,,,,,,,,,,,,,,,,,,,,,,,,,,,,,,,,,,,,,,,,,,,,,,,,,
23:13,Sheerness,pass,C&LM2,Sittingbourne,,,,,,,,,,,,,,,,,,,,,,,,,,,,,,,,,,,,,,,,,,,,,,,,,,,,,,,,,,,,,,,,,,,,,,,,,,,,,,,,,,,,,,,
23:15,Margate,Light,L4-4-0,Ramsgate,,,,,,,,,,,,,,,,,,,,,,,,,,,,,,,,,,,,,,,,,,,,,,,,,,,,,,,,,,,,,,,,,,,,,,,,,,,,,,,,,,,,,,,
23:22,Chatham,pass,4-4-0T,Faversham,,,,,,,,,,,,,,,,,,,,,,,,,,,,,,,,,,,,,,,,,,,,,,,,,,,,,,,,,,,,,,,,,,,,,,,,,,,,,,,,,,,,,,,
23:26,Holbourn V,pass,emu,Sevenoaks,,,,,,,,,,,,,,,,,,,,,,,,,,,,,,,,,,,,,,,,,,,,,,,,,,,,,,,,,,,,,,,,,,,,,,,,,,,,,,,,,,,,,,,
23:30,Victoria,pass,emu,Orpington,,,,,,,,,,,,,,,,,,,,,,,,,,,,,,,,,,,,,,,,,,,,,,,,,,,,,,,,,,,,,,,,,,,,,,,,,,,,,,,,,,,,,,,
23:40,Farningham Rd,Goods,2-6-4T,Chatham Goods,,,,,,,,,,,,,,,,,,,,,,,,,,,,,,,,,,,,,,,,,,,,,,,,,,,,,,,,,,,,,,,,,,,,,,,,,,,,,,,,,,,,,,,
23:40,Herne Hill,Goods,C0-6-0,,,,,,,,S23.40,,,P,P,P,,P,,,P00.05,,P,,P,,P00.22,,,,P00.31,P00.39,,S01.17,P,,P,,P01.35,P,P,P,T01.55,,,,,,,,,,,,,,,,,,,,,,,,,,,,,,,,,,,,,,,,,,,,,,,,
23:42,Charing Cross,Pass,EMU,Gillingham,,,,,,,,,,,,,,,,,,,,,,,,,,,,,,,,,,,,,,P00.57,,,P00.58,S01.00,,,T01.03,,,,,,,,,,,,,,,,,,,,,,,,,,,,,,,,,,,,,,,,,,
23:55,Sittingbourne,Goods,N2-6-0,S'well,,,,,,,,,,,,,,,,,,,,,,,,,,,,,,,,,,,,,,,,,,,,,,,,,,,,S23.55,,,,P,S00.10/00.30,,,,,,,,,,,,,,,,P,P01.05,P,P,P,P,T01.35,,,,,,,,
