Train,From,Class,Engine,Destination,101,102,103,104,105,106,107,108,109,110,111,112,113,114,115,116,117,118,119,120,300,121,122,168,169,170,171,172,173,123,124,125,126,127,128,129,130,131,132,133,134,135,136,305,137,301,138,139,140,141,142,143,144,145,146,147,148,149,150,151,152,153,154,155,156,157,158,159,160,161,162,163,164,165,166,167,174,175,176,177,178,179,180,181,182
00:22,(Bickley),Pass,EMU,Holbourn Viaduct,,,,,,,,,,,,,,,,,,,,,,,,,,,,,,,,,,,,,,,,,,,,,,,,,,,,,P00.22,,,,S00.25/00.26,,P00.28,,S00.31,,,,S00.34,,,,,P00.39,,,,,,,,,,,,,,,
01:05,Sittingbourne,Goods,2-6-2T,Herne Hill,,,,,,,,,,,,,,,,,,,,,S01.05,,,,,,,,,,,,,S01.28/01.42,,P01.50,,P01.55,,P02.00,,,P02.27,,,,,,,,S02.52/03.05,,,,S03.14/03.35,,P03.40,,,,,,,P03.46,,,,,,S04.08,,,,,,,,,,,,,,,
02:00,Faversham,Goods,2MT & C,Sheerness,,,,,,,,,,,,,,,,,S02.00,,,,S02.20/02.50,,,,,S03.02/03.25,,T03.40,,,,,,,,,,,,,,,,,,,,,,,,,,,,,,,,,,,,,,,,,,,,,,,,,,,,,,,,,
02:30,Ashford,P&P,L4-4-0,Margate,S03.31,,,,T03.40,,,,,,,,,,,,,,,,,,,,,,,,,,,,,,,,,,,,,,,,,,,,,,,,,,,,,,,,,,,,,,,,,,,,,,,,,,,,,,,,
02:30,Faversham,Goods,N2-6-0,Hoo Junction,,,,,,,,,,,,,,,,,S02.30,S02.42/02.55,,,S03.05/03.20,,,,,,,,,,,S03.35/03.57,,S04.05/04.30,,P04.35,,P04.40,S04.45/05.25,T05.27,,,,,,,,,,,,,,,,,,,,,,,,,,,,,,,,,,,,,,,,,,,,,
03:30,Orpington,ECS,EMU,Bickley,,,,,,,,,,,,,,,,,,,,,,,,,,,,,,,,,,,,,,,,,,,,,,,,,,,,,S03.35,T03.37,,,,,,,,,,,,,,,,,,,,,,,,,,,,,,,
03:30,Sheperdswell,Goods,C0-6-0,Sittingbourne,,,,,,,,,,,,,,,,,S05.00/05.10,,,,T05.30,,,,,,,,,,,,,,,,,,,,,,,,,,,,,,,,,,,,,,,,,,,,,,,,,,,,,,,,,,S03.30,S03.45/04.05,,,,P04.30,
03:40,Sutton,Pass,EMU,Victoria,,,,,,,,,,,,,,,,,,,,,,,,,,,,,,,,,,,,,,,,,,,,,,,,,,,,,,,,,,,,,,,,,,,,,S04.35,,,S04.38,,,,T04.45,,,,,,,,,
03:45,(St Mary Cray),Goods,N2-6-0,Hither Green,,,,,,,,,,,,,,,,,,,,,,,,,,,,,,,,,,,,,,,,,,,,,,,,,,,S03.45,T03.49,,,,,,,,,,,,,,,,,,,,,,,,,,,,,,,,,
03:59,Swanley,Pass,EMU,Holbourn Viaduct,,,,,,,,,,,,,,,,,,,,,,,,,,,,,,,,,,,,,,,,,,,,,,,,,,S03.59,S04.04,,,S04.08,,S04.11/04.12,,T04.15,,,,,,,,,,,,,,,,,,,,,,,,,,,
04:00,Gillingham,Pass,EMU,Charing Cross,,,,,,,,,,,,,,,,,,,,,,,,,,,,,,,,,,S04.00,S04.03/04.04,,S04.05/04.06,,,T04.07,,,,,,,,,,,,,,,,,,,,,,,,,,,,,,,,,,,,,,,,,,,,,
04:02,Orpington,Pass,EMU,Holbourn Viaduct,,,,,,,,,,,,,,,,,,,,,,,,,,,,,,,,,,,,,,,,,,,,,,,,,,,,,P04.07,,S04.09,,S04.12/04.18,,S04.20,,S04.23,,,S04.25,S04.27,S04.30,S04.32,,,S04.35,,,,,,,,,,,,,,,
04:15,Ramsgate,LE,L4-4-0,Margate,S04.15,,,,T04.32,,,,,,,,,,,,,,,,,,,,,,,,,,,,,,,,,,,,,,,,,,,,,,,,,,,,,,,,,,,,,,,,,,,,,,,,,,,,,,,,
04:34,Ramsgate,Pass,L4-4-0,Chatham,S04.34,,S04.38,S04.42,S04.48/04.57,,,,,,,,,,,,,,,,,,,,,,,,,,,,,,,,,,,,,,,,,,,,,,,,,,,,,,,,,,,,,,,,,,,,,,,,,,,,,,,,
04:38,Ramsgate,Light,2-6-4T,Margate,S04.38,,,,,S04.57,,,,,,,,,,,,,,,,,,,,,,,,,,,,,,,,,,,,,,,,,,,,,,,,,,,,,,,,,,,,,,,,,,,,,,,,,,,,,,,
04:40,Faversham,Pass,2-6-2T,Sheerness,,,,,,,,,,,,,,,,S04.40,,S04.47,,S04.55/05.05,,P05.06,P05.07,,,,,S05.16,T05.23,,,,,,,,,,,,,,,,,,,,,,,,,,,,,,,,,,,,,,,,,,,,,,,,,,,,,,,,
04:41,Gillingham,P&P,H0-4-4T,Gravesend,,,,,,,,,,,,,,,,,,,,,,,,,,,,,,,,,,S04.41,S04.45/04.46,,S04.48/04.49,,,T04.50,,,,,,,,,,,,,,,,,,,,,,,,,,,,,,,,,,,,,,,,,,,,,
04:42,Dover,Pass,2-6-4T,Faversham,,,,,,,,,,,,,,,,,T05.34,,,,,,,,,,,,,,,,,,,,,,,,,,,,,,,,,,,,,,,,,,,,,,,,,,,,,,,,,,,,S04.42,S04.49,S04.56,S05.01,,S05.07,,S05.16/05.18,
04:50,London Bridge,Pass,V4-4-0,Margate,S08.52,,S08.56,S09.00,,T09.07,,,,,,,,,,,,,,,,,,,,,,,,,,,,,,,,,,,,,,,,,,,,,,,,,,,,,,,,,,,,,,,,,,,,,,,,,,,,,,,
05:00,Orpington,Pass,EMU,Holbourn Viaduct,,,,,,,,,,,,,,,,,,,,,,,,,,,,,,,,,,,,,,,,,,,,,,,,,,,,,P05.05,,S05.06,,S05.08/05.09,,S05.12,,S05.15,,,S05.17,S05.19,S05.22,S05.24,,,S05.26,T05.27,,,,,,,,,,,,,,
05:07,Orpington,Pass,EMU,Blackfriars,,,,,,,,,,,,,,,,,,,,,,,,,,,,,,,,,,,,,,,,,,,,,,,,,,,,,P05.12,,S05.13,,S05.15/05.16,,S05.19,,S05.22,,,S05.24,S05.26,S05.29,S05.31,,,T05.33,,,,,,,,,,,,,,,
05:15,Gillingham,Pass,EMU,Strood,,,,,,,,,,,,,,,,,,,,,,,,,,,,,,,,,,S05.15,S05.18/05.19,,S05.20/05.21,,,T05.22,,,,,,,,,,,,,,,,,,,,,,,,,,,,,,,,,,,,,,,,,,,,,
05:22,Orpington,Pass,EMU,Victoria,,,,,,,,,,,,,,,,,,,,,,,,,,,,,,,,,,,,,,,,,,,,,,,,,,,,,P05.27,,S05.29,,S05.31/05.32,,S05.34,,S05.37,,,S05.39,S05.41,S05.45,S05.46,,,S05.49,,S05.51,,,,T05.56,,,,,,,,,
05:28,Gillingham,Pass,EMU,Cannon St,,,,,,,,,,,,,,,,,,,,,,,,,,,,,,,,,,S05.28,S05.31/05.33,,S05.34/05.35,,,T05.36,,,,,,,,,,,,,,,,,,,,,,,,,,,,,,,,,,,,,,,,,,,,,
05:30,Herne Hill,P&P,EMU,Victoria,,,,,,,,,,,,,,,,,,,,,,,,,,,,,,,,,,,,,,,,,,,,,,,,,,,,,,,,,,,,,,,,,,,,,S05.30,,,S05.33,,,,T05.38,,,,,,,,,
05:35,Bromley South,Goods,C0-6-0,Birmingham,,,,,,,,,,,,,,,,,,,,,,,,,,,,,,,,,,,,,,,,,,,,,,,,,,,,,,,,S05.35/05.37,,,,,,,,,,,,,,,,,,,,,,,,,,,,,
05:40,Gillingham,Pass,EMU,Strood,,,,,,,,,,,,,,,,,,,,,,,,,,,,,,,,,,S05.40,S05.43/05.45,,S05.46/05.47,,,T05.48,,,,,,,,,,,,,,,,,,,,,,,,,,,,,,,,,,,,,,,,,,,,,
05:42,Orpington,Pass,EMU,Holbourn Viaduct,,,,,,,,,,,,,,,,,,,,,,,,,,,,,,,,,,,,,,,,,,,,,,,,,,,,,P05.47,,S05.49,,S05.51/05.52,,S05.55,,S05.58,,,S06.00,S06.02,S06.05,S06.07,,,S06.09,,,,,,,,,,,,,,,
05:45,Swanley,Pass,EMU,Holbourn Viaduct,,,,,,,,,,,,,,,,,,,,,,,,,,,,,,,,,,,,,,,,,,,,,,,,,,S05.45,S05.50,,,S05.54,,S05.56/05.57,,S06.00,,,,,,,,,,,,,,,,,,,,,,,,,,,
05:51,Sittingbourne,Pass,2-6-2T,Sheerness,,,,,,,,,,,,,,,,,,,,S05.51,,P05.52,P05.53,,S06.56,,S06.02,S06.06,T06.15,,,,,,,,,,,,,,,,,,,,,,,,,,,,,,,,,,,,,,,,,,,,,,,,,,,,,,,,
05:52,Gillingham,Pass,EMU,Cannon St,,,,,,,,,,,,,,,,,,,,,,,,,,,,,,,,,,S05.52,S05.55/05.57,,S05.58/05.59,,,T06.00,,,,,,,,,,,,,,,,,,,,,,,,,,,,,,,,,,,,,,,,,,,,,
05:52,Rainham,Motor,H0-4-4T,Gillingham,,,,,,,,,,,,,,,,,,,,,,,,,,,,,,,,S05.52,T05.57,,,,,,,,,,,,,,,,,,,,,,,,,,,,,,,,,,,,,,,,,,,,,,,,,,,,
06:05,Reading,Pass,L4-4-0,Margate,S11.25,,S11.29,S11.33,T11.39,,,,,,,,,,,,,,,,,,,,,,,,,,,,,,,,,,,,,,,,,,,,,,,,,,,,,,,,,,,,,,,,,,,,,,,,,,,,,,,,
06:06,Ramsgate,XP,WC,Cannon St,S06.06,,S06.10,S06.15,,S06.21/06.23,S06.28,S06.33,,,S06.46/06.48,,S06.54,S06.59,,S07.09/07.11,,,,P07.22,,,,,,,,,,,,,P07.34,,S07.36/07.38,,P07.40,,,,P07.41,,,,P07.53,,,,,P08.03,,T08.08,,,,,,,,,,,,,,,,,,,,,,,,,,,,,,,,,
06:10,Dover,Pass,D1 4-4-0,Gillingham,,,,,,,,,,,,,,,,,S07.07/07.16,S07.25,,S07.31/07.33,,,,,,,,,,,S07.41,S07.48,,T07.53,,,,,,,,,,,,,,,,,,,,,,,,,,,,,,,,,,,,,,,,,,,S06.10,S06.16,S06.25,S06.30,S06.33,S06.36,S06.42,S06.47/06.48,S07.01
06:15,Town,Goods,0-6-0,Shepherdswell,,,,,,,,,,,,,,,,,,,,,,,,,,,,,,,,,,,,,,,,,,,,,,,,,,,,,,,,,,,,,,,,,,,,,,,,,,,,,P06.25,P06.55,T07.05,,,,,,
06:29,Ramsgate,XP,WC,Cannon St,S06.29,,S06.33,S06.37,,S06.43/06.46,S06.51,S06.56,,,S07.07/07.10,,S07.16,S07.21,,S07.31/07.33,,,,S07.44/07.45,,,,,,,,,,,,,S07.58/07.59,,S08.03/08.06,,P08.08,,,P08.09,,,P08.21,,,,,,,P08.31,,T08.36,,,,,,,,,,,,,,,,,,,,,,,,,,,,,,,,,
06:40,Ramsgate,Light,WC,Margate,S06.40,,,,T06.56,,,,,,,,,,,,,,,,,,,,,,,,,,,,,,,,,,,,,,,,,,,,,,,,,,,,,,,,,,,,,,,,,,,,,,,,,,,,,,,,
06:41,Sevenoaks,Pass,EMU,Holbourn Viaduct,,,,,,,,,,,,,,,,,,,,,,,,,,,,,,,,,,,,,,,,,,,,,,,,,,S07.04,S07.09,,,S07.14,,S07.16/07.17,,S07.20,,,,,,,,,,,,,,,,,,,,,,,,,,,
06:44,Faversham,Pass,2-6-2T,Rochester,,,,,,,,,,,,,,,,S06.44,,S06.53,,S06.59/07.01,,,,,,,,,,,S07.08,S07.15,S07.20/07.22,,S07.26/07.28,,T07.30,,,,,,,,,,,,,,,,,,,,,,,,,,,,,,,,,,,,,,,,,,,,,,,,
06:53,Ramsgate,ECS,V4-4-0,Cannon St,S06.53,,,,,P07.07,,,,,,S07.27/08.20,S08.26,S08.31,,S08.41/08.42,,,,S08.53/08.54,,,,,,,,,,,,,P09.05,,S09.08/09.10,,P09.12,,,P09.13,,,P09.25,,,,,,,P09.35,,T09.40,,,,,,,,,,,,,,,,,,,,,,,,,,,,,,,,,
06:56,Holbourn Viaduct,Pass,E1 4-4-0,Margate,S10.37,,S10.41,S10.45,T10.51,,,,,,,,,,,,,,,,,,,,,,,,,,,,,,,,,,,,,,,,,,,,,,,,,,,,,,,,,,,,,,,,,,,,,,,,,,,,,,,,
06:58,Gillingham,Pass,EMU,Cannon St,,,,,,,,,,,,,,,,,,,,,,,,,,,,,,,,,S06.58,,S07.01/07.03,,S07.04/07.05,,,T07.06,,,,,,,,,,,,,,,,,,,,,,,,,,,,,,,,,,,,,,,,,,,,,
07:00,Orpington,Pass,EMU,Victoria,,,,,,,,,,,,,,,,,,,,,,,,,,,,,,,,,,,,,,,,,,,,,,,,,,,,,P07.05,,S07.08,,S07.10/07.11,,S07.14,,S07.17,,,S07.19,S07.21,S07.24,S07.26,,,S07.29,,S07.31,,,,T07.36,,,,,,,,,
07:02,Canterbury,Pass,L4-4-0,Margate,S07.42,,S07.46,S07.50,T07.56,,,,,,,,,,,,,,,,,,,,,,,,,,,,,,,,,,,,,,,,,,,,,,,,,,,,,,,,,,,,,,,,,,,,,,,,,,,,,,,,
07:06,Farningham Road,Pass,EMU,Holbourn Viaduct,,,,,,,,,,,,,,,,,,,,,,,,,,,,,,,,,,,,,,,,,,,,,,,,S07.06,,S07.17,S07.22,,,S07.27,,S07.31/07.32,,S07.34,,,,,,,,,,,,,,,,,,,,,,,,,,,
07:07,Ramsgate,Pass,L4-4-0,Gillingham,,S07.07,S07.11,S07.15,,S07.21/07.23,S07.28,S07.33,,,S07.44/07.45,,S07.51,S07.56,,,S08.06/08.15,,,S08.26/08.27,,,,,,,,,,,,,,T08.41,,,,,,,,,,,,,,,,,,,,,,,,,,,,,,,,,,,,,,,,,,,,,,,,,,,
07:08,Dover,Pass,BR4 2-6-0,Margate,S08.05,,S08.09,S08.13,T08.19,,,,,,,,,,,,,,,,,,,,,,,,,,,,,,,,,,,,,,,,,,,,,,,,,,,,,,,,,,,,,,,,,,,,,,,,,,,,,,,,
07:08,Gillingham,Pass,EMU,Charing Cross,,,,,,,,,,,,,,,,,,,,,,,,,,,,,,,,,,S07.08,S07.11/07.13,,S07.14/07.15,,,T07.16,,,,,,,,,,,,,,,,,,,,,,,,,,,,,,,,,,,,,,,,,,,,,
07:10,Sittingbourne,Pass,2-6-2T,Sheerness,,,,,,,,,,,,,,,,,,,,S07.10,,P07.11,P07.12,,S07.15,,S07.21,S07.25,T07.33,,,,,,,,,,,,,,,,,,,,,,,,,,,,,,,,,,,,,,,,,,,,,,,,,,,,,,,,
07:13,Gillingham,Pass,EMU,Victoria,,,,,,,,,,,,,,,,,,,,,,,,,,,,,,,,,,S07.13,S07.16/07.19,,S07.21/07.22,,,P07.24,,,S07.34,,S07.36,S07.41,,S07.46,,S07.56,S08.01,,,,,S08.07/08.08,,S08.11,,,P08.13,,,,,,,,P08.22,,,P08.23,,,,T08.28,,,,,,,,,
07:15,Bickley Jcn,Pass,EMU,Holbourn Viaduct,,,,,,,,,,,,,,,,,,,,,,,,,,,,,,,,,,,,,,,,,,,,,,,,,,,,,P07.15,,S07.17,,S07.19/07.20,,S07.23,,S07.25,,,S07.27,S07.30,S07.32,S07.35,,,,T07.37,,,,,,,,,,,,,,
07:16,Orpington,Pass,EMU,Holbourn Viaduct,,,,,,,,,,,,,,,,,,,,,,,,,,,,,,,,,,,,,,,,,,,,,,,,,,,,,P07.21,,S07.23,,S07.25/07.26,,S07.28,,S07.31,,,S07.33,S07.35,S07.38,S07.40,,,S07.44,T07.45,,,,,,,,,,,,,,
07:18,Gillingham,Pass,EMU,Charing Cross,,,,,,,,,,,,,,,,,,,,,,,,,,,,,,,,,,S07.18,S07.11/07.13,,S07.21/07.23,,S07.27/07.25,T07.26,,,,,,,,,,,,,,,,,,,,,,,,,,,,,,,,,,,,,,,,,,,,,
07:20,Dover,Boat,WC&LI,Victoria,,,,,,,,,,,,,,,,,,,,,,,,,,,,,,,,,,,,,,,,,,,,,,,,,,,,,P08.44,,,,P08.47,,,,,,,P08.52,,,,,,P09.03,,P09.04,,,,T09.10,,,,,,,,,
07:20,Ramsgate,XP,WC,Cannon St,S07.20,,S07.24,S07.28,,P07.34/07.37,,,,,S07.52/07.54,,,S08.02,,P08.12,,,,P08.20,,,,,,,,,,,,,P08.31,,P08.34,,P08.35,,,P08.36,,,P08.47,,,,,,,P08.57,,T09.02,,,,,,,,,,,,,,,,,,,,,,,,,,,,,,,,,
07:21,Orpington,Pass,EMU,Victoria,,,,,,,,,,,,,,,,,,,,,,,,,,,,,,,,,,,,,,,,,,,,,,,,,,,,,P07.26,,S07.28,,S07.30/07.31,,S07.33,,S07.36,,,S07.38,S07.40,S07.43,S07.45,,,S07.48,,S07.50,,,,T07.56,,,,,,,,,
07:22,Sevenoaks,Pass,EMU,Holbourn Viaduct,,,,,,,,,,,,,,,,,,,,,,,,,,,,,,,,,,,,,,,,,,,,,,,,,,S07.45,S07.50,,,S07.54,,S07.56/07.57,,S08.00,,,,,,,,,,,,,,,,,,,,,,,,,,,
07:26,Orpington,Pass,EMU,Holbourn Viaduct,,,,,,,,,,,,,,,,,,,,,,,,,,,,,,,,,,,,,,,,,,,,,,,,,,,,,P07.31,,S07.33,,S07.35/07.36,,S07.38,,S07.42,,,S07.44,S07.46,S07.49,S07.51,,,S07.53,,,,,,,,,,,,,,,
07:27,Gillingham,Pass,EMU,Cannon St,,,,,,,,,,,,,,,,,,,,,,,,,,,,,,,,,,S07.27,S07.30/07.32,,S07.33/07.34,,,T07.36,,,,,,,,,,,,,,,,,,,,,,,,,,,,,,,,,,,,,,,,,,,,,
07:34,Bickley,Pass,EMU,Holbourn Viaduct,,,,,,,,,,,,,,,,,,,,,,,,,,,,,,,,,,,,,,,,,,,,,,,,,,,,,,S07.34,,S07.36/07.37,,T07.40,,,,,,,,,,,,,,,,,,,,,,,,,,,
07:35,Birkenhead,XP,V4-4-0,Margate,S16.32,,S16.36,S16.40,T16.46,,,,,,,,,,,,,,,,,,,,,,,,,,,,,,,,,,,,,,,,,,,,,,,,,,,,,,,,,,,,,,,,,,,,,,,,,,,,,,,,
07:35,Ramsgate,XP,WC,Cannon St,S07.35,,S07.39,S07.43,,S07.49/07.51,S07.56,S08.01,,,S08.12/08.13,,S08.18,S08.23,,P08.33,,,,P08.40,,,,,,,,,,,,,,,P08.52,,P08.53,,,P08.54,,,P09.05,,,,,,,P09.15,,T09.20,,,,,,,,,,,,,,,,,,,,,,,,,,,,,,,,,
07:36,Maidstone,Pass,2-6-2T,Margate,S09.37,,S09.41,S09.45,T09.51,,,,,,,,,,,,,,,,,,,,,,,,,,,,,,,,,,,,,,,,,,,,,,,,,,,,,,,,,,,,,,,,,,,,,,,,,,,,,,,,
07:40,Maidstone,Pass,EMU,Victoria,,,,,,,,,,,,,,,,,,,,,,,,,,,,,,,,,,,,,,,,,,,,,,,,,S08.16,,S08.21,,,,,P08.25,,P08.27,,,P08.29,,,,,,,,S08.38,,,P08.40,,,,T08.46,,,,,,,,,
07:42,Dover,Pass,U1 2-6-0,Chatham,,,,,,,,,,,,,,,,,S08.39/08.48,S08.57,,S09.03/09.05,,,,,,,,,,,S09.12,S09.18,S09.23/09.25,,,T09.29,,,,,,,,,,,,,,,,,,,,,,,,,,,,,,,,,,,,,,,,,S07.42,S07.48,S07.56,S08.01,S08.04,S08.07,S08.13,S08.18/08.250,S08.33
07:42,Orpington,Pass,EMU,Victoria,,,,,,,,,,,,,,,,,,,,,,,,,,,,,,,,,,,,,,,,,,,,,,,,,,,,,P07.47,,S07.48,,S07.50/07.51,,S07.54,,S07.57,,,S07.59,S08.01,S08.04,S08.06,,,S08.08,,S08.11,,,,T08.16,,,,,,,,,
07:42,Sevenoaks,Pass,EMU,Holbourn Viaduct,,,,,,,,,,,,,,,,,,,,,,,,,,,,,,,,,,,,,,,,,,,,,,,,,,S08.04,S08.09,,,S08.14,,S08.16/08.17,,S08.20,,,,,,,,,,,,,,,,,,,,,,,,,,,
07:43,Gillingham,Pass,EMU,Holbourn Viaduct,,,,,,,,,,,,,,,,,,,,,,,,,,,,,,,,,,S07.43,S07.46/07.48,,S07.49/07.50,,,P07.52,,,S08.02,,S08.05,S08.09,,S08.14,,S08.20,,,,,,S08.30/08.31,,S08.34,,,,,,,,,,,,,,,,,,,,,,,,,,,
07:47,Orpington,Pass,EMU,Holbourn Viaduct,,,,,,,,,,,,,,,,,,,,,,,,,,,,,,,,,,,,,,,,,,,,,,,,,,,,,P07.52,,S07.54,,S07.55/07.56,,S07.59,,S08.02,,,S08.04,S08.06,S08.09,S08.11,,,S08.13,,,,,,,,,,,,,,,
07:48,Sittingbourne,Pass,2-6-2T,Sheerness,,,,,,,,,,,,,,,,,,,,S07.48,,P07.49,P07.50,,,,,S07.59,T08.09,,,,,,,,,,,,,,,,,,,,,,,,,,,,,,,,,,,,,,,,,,,,,,,,,,,,,,,,
07:50,Gillingham,Pass,EMU,Charing Cross,,,,,,,,,,,,,,,,,,,,,,,,,,,,,,,,,,S07.50,S07.53/07.56,,S07.57/08.58,,,T07.59,,,,,,,,,,,,,,,,,,,,,,,,,,,,,,,,,,,,,,,,,,,,,
07:51,Ashford,Pass,2-6-2T,Faversham,,,,,,,,,,,,,,,,T09.41,,,,,,,,,,,,,,,,,,,,,,,,,,,,,,,,,,,,,,,,,,,,,,,,,,,,,,,,,,,,,S08.46,S08.52,S08.59,S09.04,S09.07,S09.10,S09.16,S09.21/09.22,S09.35
07:51,Orpington,Pass,EMU,Victoria,,,,,,,,,,,,,,,,,,,,,,,,,,,,,,,,,,,,,,,,,,,,,,,,,,,,,P07.56,,S07.59,,S08.00/08.01,,S08.03,,S08.06,,,S08.08,S08.10,S08.13,S08.15,,,S08.18,,S08.20,,,,T08.25,,,,,,,,,
07:54,Maidstone,Pass,EMU,Victoria,,,,,,,,,,,,,,,,,,,,,,,,,,,,,,,,,,,,,,,,,,,,,,,,,S08.39,,S08.44,,,,,S08.51/08.53,,P08.55,,P08.56,,,,,,,,,,,,P09.08,,,,T09.14,,,,,,,,,
08:00,Orpington,Pass,EMU,Victoria,,,,,,,,,,,,,,,,,,,,,,,,,,,,,,,,,,,,,,,,,,,,,,,,,,,,,P08.05,,S08.08,,S08.09/08.10,,S08.13,,S08.16,,,S08.18,S08.20,S08.23,S08.26,,,S08.28,,S08.30,,,,T08.36,,,,,,,,,
08:01,Sevenoaks,Pass,EMU,Blackfriars,,,,,,,,,,,,,,,,,,,,,,,,,,,,,,,,,,,,,,,,,,,,,,,,,S08.24,,S08.29,,,S08.34,,S08.36/08.37,,S08.40,,,,,,,,,,,,,,,,,,,,,,,,,,,
08:07,Orpington,Pass,EMU,Holbourn Viaduct,,,,,,,,,,,,,,,,,,,,,,,,,,,,,,,,,,,,,,,,,,,,,,,,,,,,,P08.12,,S08.13,,S08.15/08.16,,S08.19,,S08.22,,,S08.24,S08.26,S08.29,S08.31,,,S08.33,,,,,,,,,,,,,,,
08:11,Gillingham,Pass,EMU,Charing Cross,,,,,,,,,,,,,,,,,,,,,,,,,,,,,,,,,,S08.11,S08.14/08.15,,S08.16/08.17,,,T08.18,,,,,,,,,,,,,,,,,,,,,,,,,,,,,,,,,,,,,,,,,,,,,
08:15,Gillingham,Pass,EMU,Holbourn Viaduct,,,,,,,,,,,,,,,,,,,,,,,,,,,,,,,,,,S08.15,S08.18/08.20,,S08.21/08.22,,,P08.24,,,S08.34,,S08.36,S08.41,,S08.45,,S08.53,,,,,,S09.03/09.04,,,,,P09.08,,,,,,,,,,T09.17,,,,,,,,,,,,,,
08:17,Dover,Pass,N2-6-0,Faversham,,,,,,,,,,,,,,,,,T09.10,,,,,,,,,,,,,,,,,,,,,,,,,,,,,,,,,,,,,,,,,,,,,,,,,,,,,,,,,,,,S08.17,S08.23,S08.30,S08.35,S08.38,S08.41,S08.47,S08.52/08.54,
08:17,Gillingham,Pass,EMU,Sole St,,,,,,,,,,,,,,,,,,,,,,,,,,,,,,,,,,S08.17,P08.22,,P08.25,,,P08.26,,,T08.37,,,,,,,,,,,,,,,,,,,,,,,,,,,,,,,,,,,,,,,,,,
08:20,Herne Bay,XP,V4-4-0,Cannon St,,,,,,,,,,,S08.20,,S08.26,S08.31,,S08.41/08.42,,,,S08.53/08.54,,,,,,,,,,,,,P09.05,,S09.08/09.10,,P09.12,,,P09.13,,,P09.25,,,,,,,P09.35,,T09.40,,,,,,,,,,,,,,,,,,,,,,,,,,,,,,,,,
08:20,Maidstone,Pass,EMU,Holbourn Viaduct,,,,,,,,,,,,,,,,,,,,,,,,,,,,,,,,,,,,,,,,,,,,,,,,,P09.01,,,,,,,S09.12/09.13,,P09.15,,,,,,,,,,,,,,,,,,,,,,,,,,,
08:20,Orpington,Pass,EMU,Victoria,,,,,,,,,,,,,,,,,,,,,,,,,,,,,,,,,,,,,,,,,,,,,,,,,,,,,P08.25,,S08.27,,S08.30/08.31,,S08.34,,S08.37,,,S08.39,S08.41,S08.44,S08.46,,,S08.49,,S08.51,,,,T08.56,,,,,,,,,
08:21,Gillingham,Pass,EMU,Cannon St,,,,,,,,,,,,,,,,,,,,,,,,,,,,,,,,,,S08.21,S08.24/08.27,,S08.28/08.29,,,T08.30,,,,,,,,,,,,,,,,,,,,,,,,,,,,,,,,,,,,,,,,,,,,,
08:23,Bickley,Pass,EMU,Holbourn Viaduct,,,,,,,,,,,,,,,,,,,,,,,,,,,,,,,,,,,,,,,,,,,,,,,,,,,,,,,S08.23,,S08.25/08.26,,S08.29,,S08.32,,,S08.34,S08.36,S08.39,S08.41,,,,T08.46,,,,,,,,,,,,,,
08:23,Sevenoaks,Pass,EMU,Blackfriars,,,,,,,,,,,,,,,,,,,,,,,,,,,,,,,,,,,,,,,,,,,,,,,,,S08.24,,S08.29,,,S08.34,,S08.36/08.37,,S08.40,,,,,,,,,,,,,,,,,,,,,,,,,,,
08:25,Ramsgate,XP,WC,Victoria,S08.25,,S08.29,S08.33,,S08.39/08.41,S08.46,,,,S08.59/09.00,,,S09.08,,P09.18,,,,P9.25,,,,,,,,,,,,,P09.34,,P09.37,,P09.39,,,P09.40,,,P09.51,,,,,,,P10.01,,,,,,P10.1,,,,,P1.12,,,,,,,,P10.20,,,P10.21,,,,T10.27,,,,,,,,,
08:30,Ramsgate,Light,WC,Margate,S08.30,,,,T08.46,,,,,,,,,,,,,,,,,,,,,,,,,,,,,,,,,,,,,,,,,,,,,,,,,,,,,,,,,,,,,,,,,,,,,,,,,,,,,,,,
08:31,Orpington,Pass,EMU,Holbourn Viaduct,,,,,,,,,,,,,,,,,,,,,,,,,,,,,,,,,,,,,,,,,,,,,,,,,,,,,P08.36,,S08.38,,S08.40/08.41,,S08.43,,S08.46,,,S08.48,S08.50,S08.53,S08.55,,,S08.58,,,,,,,,,,,,,,,
08:33,Orpington,Pass,EMU,Holbourn Viaduct,,,,,,,,,,,,,,,,,,,,,,,,,,,,,,,,,,,,,,,,,,,,,,,,,,,,,,,S08.33,,S08.35/08.36,,S08.38,,S08.41,,,S08.43,S08.45,S08.48,S08.50,,,S08.53,,,,,,,,,,,,,,,
08:37,Gillingham,Pass,EMU,Charing Cross,,,,,,,,,,,,,,,,,,,,,,,,,,,,,,,,,,S08.37,S08.40/08.43,,S08.44/08.45,,,T08.46,,,,,,,,,,,,,,,,,,,,,,,,,,,,,,,,,,,,,,,,,,,,,
08:43,Gillingham,Pass,EMU,Victoria,,,,,,,,,,,,,,,,,,,,,,,,,,,,,,,,,,S08.43,S08.45/08.47,,S08.48/08.49,,,P08.51,,,P09.00,,,,,,,S09.12,,,,,,S09.21/09.22,,,,,P09.26,,,,,,,,P09.33,,,P09.34,,,,T09.41,,,,,,,,,
08:43,Orpington,Pass,EMU,Victoria,,,,,,,,,,,,,,,,,,,,,,,,,,,,,,,,,,,,,,,,,,,,,,,,,,,,,P08.48,,S08.49,,S08.51/08.52,,S08.55,,S08.58,,,S09.00,S09.02,S09.05,S09.07,,,S09.11,,S09.14,,,,T09.20,,,,,,,,,
08:44,Ramsgate,Pass,E1 4-4-0,Chatham,S08.44,,S08.48,S08.52,,S08.58/09.01,S09.06,S09.11,,,S09.22/09.23,,S09.29,S09.34,,S09.44/09.47,,S09.56,,S10.02/10.03,,,,,,,,,,,,,S10.17/10.18,,T10.22,,,,,,,,,,,,,,,,,,,,,,,,,,,,,,,,,,,,,,,,,,,,,,,,,,
08:49,Sole St,Pass,EMU,Swanley,,,,,,,,,,,,,,,,,,,,,,,,,,,,,,,,,,,,,,,,,,,S08.49,,S08.52,S08.56,,S09.01,,T09.06,,,,,,,,,,,,,,,,,,,,,,,,,,,,,,,,,,,
08:53,Bickley,Pass,EMU,Holbourn Viaduct,,,,,,,,,,,,,,,,,,,,,,,,,,,,,,,,,,,,,,,,,,,,,,,,,,,,,,,S08.53,,S08.55/08.56,,S08.59,,S09.02,,,S09.04,S09.06,,S09.10,,,,T09.13,,,,,,,,,,,,,,
08:57,Maidstone,Pass,EMU,Holbourn Viaduct,,,,,,,,,,,,,,,,,,,,,,,,,,,,,,,,,,,,,,,,,,,,,,,,,P09.31,,,,,,,,S09.4/09.41,,P09.43,,P09.45,,,,,,,,,,T09.52,,,,,,,,,,,,,,
08:57,Sittingbourne,Light,C0-6-0,Gillingham,,,,,,,,,,,,,,,,,,,,,S08.57,,,,,,,,,,,,,T09.14,,,,,,,,,,,,,,,,,,,,,,,,,,,,,,,,,,,,,,,,,,,,,,,,,,,
08:59,Herne Hill,Pass,EMU,Victoria,,,,,,,,,,,,,,,,,,,,,,,,,,,,,,,,,,,,,,,,,,,,,,,,,,,,,,,,,,,,,,,,,,,,,S08.59,,,S09.01,,,,T09.06,,,,,,,,,
09:00,Orpington,Pass,EMU,Victoria,,,,,,,,,,,,,,,,,,,,,,,,,,,,,,,,,,,,,,,,,,,,,,,,,,,,,P09.05,,S09.09,,S09.10.0911,,S09.14,,S09.17,,,S09.19,S09.21,S09.24,S09.26,,,S09.28,,S09.30,,,,T09.37,,,,,,,,,
09:02,Sevenoaks,Pass,EMU,Holbourn Viaduct,,,,,,,,,,,,,,,,,,,,,,,,,,,,,,,,,,,,,,,,,,,,,,,,,,S09.24,S09.29,,,S09.34,,S09.36/09.37,,T09.40,,,,,,,,,,,,,,,,,,,,,,,,,,,
09:04,Swanley,Pass,EMU,Holbourn Viaduct,,,,,,,,,,,,,,,,,,,,,,,,,,,,,,,,,,,,,,,,,,,,,,,,,,S09.04,S09.09,,,S09.14,,S09.16/09.17,,S09.20,,,,,,,,,,,,,,,,,,,,,,,,,,,
09:08,Sittingbourne,Pass,2-6-2T,Sheerness,,,,,,,,,,,,,,,,,,,,S09.08,,P09.09,P09.10,,S09.13,,S09.19,S09.24,T09.30,,,,,,,,,,,,,,,,,,,,,,,,,,,,,,,,,,,,,,,,,,,,,,,,,,,,,,,,
09:10,Gillingham,Pass,EMU,Charing Cross,,,,,,,,,,,,,,,,,,,,,,,,,,,,,,,,,,S09.10,S09.13/09.15,,S09.17/09.18,,,T09.19,,,,,,,,,,,,,,,,,,,,,,,,,,,,,,,,,,,,,,,,,,,,,
09:16,Orpington,Pass,EMU,Victoria,,,,,,,,,,,,,,,,,,,,,,,,,,,,,,,,,,,,,,,,,,,,,,,,,,,,,P09.21,,S09.23,,S09.26/09.31,,S09.34,,S09.37,,,S09.39,S09.41,S09.44,S09.46,,,S09.48,,S09.50,,,,T09.56,,,,,,,,,
09:20,Dover,XP,WC,Victoria,,,,,,,,,,,,,,,,P10.09,,,,P10.17,,,,,,,,,,,,,P10.27,,S10.30/10.32,,P10.34,,,P10.35,,,P10.47,,,,,,,P10.59,,,,,,S11.08/11.09,,,,,P11.13,,,,,,,,P11.21,,,P11.22,,,,T11.28,S09.20,S09.27,S09.36,,S09.42,,,S09.52/09.54,
09:22,Sevenoaks,Pass,EMU,Holbourn Viaduct,,,,,,,,,,,,,,,,,,,,,,,,,,,,,,,,,,,,,,,,,,,,,,,,,,S09.41,S09.46,,,S09.51,,S09.54/09.57,,S10.00,,,,,,,,,,,,,,,,,,,,,,,,,,,
09:25,Ramsgate,XP,BR5 4-6-0,Victoria,,,,,,,,,,,,,,,,,,,,,,,,,,,,,,,,,,,P10.37,,P10.39,,,P10.40,,,P10.51,,,,,,,P11.01,,,,,,,,,,,,,,,,,,,,,,,,,,,,,,,,,,,
09:40,Chatham,ECS,EMU,Stewarts Lane,,,,,,,,,,,,,,,,,,,,,,,,,,,,,,,,,,,,S09.40,,P09.44,,P09.45,,,P10.00,,,,,,,P10.14,P10.19,,,,,P10.22,,,,,,,P10.27,,,,,,P10.38,,,P10.40,,,T10.43,,,,,,,,,,
09:40,Gillingham,Pass,EMU,Cannon St,,,,,,,,,,,,,,,,,,,,,,,,,,,,,,,,,,S09.40,S09.43/09.44,,S09.45/09.46,,,T09.47,,,,,,,,,,,,,,,,,,,,,,,,,,,,,,,,,,,,,,,,,,,,,
09:40,Herne Hill,Pass,EMU,Victoria,,,,,,,,,,,,,,,,,,,,,,,,,,,,,,,,,,,,,,,,,,,,,,,,,,,,,,,,,,,,,,,,,,,,,S09.40,,,S09.42,,,,T09.48,,,,,,,,,
09:42,Ashford,Pass,2-6-2T,Margate,S10.50,,S10.54,S10.58,,T11.04,,,,,,,,,,,,,,,,,,,,,,,,,,,,,,,,,,,,,,,,,,,,,,,,,,,,,,,,,,,,,,,,,,,,,,,,,,,,,,,
09:42,Orpington,Pass,EMU,Victoria,,,,,,,,,,,,,,,,,,,,,,,,,,,,,,,,,,,,,,,,,,,,,,,,,,,,,P09.47,,S09.49,,S09.51/09.52,,S09.54,,S09.57,,,S09.59,S10.01,S10.05,S10.06,,,S10.09,,S10.11,,,,T10.16,,,,,,,,,
09:42,Sevenoaks,Pass,EMU,Holbourn Viaduct,,,,,,,,,,,,,,,,,,,,,,,,,,,,,,,,,,,,,,,,,,,,,,,,,,S10.04,S10.09,,,S10.14,,S10.16/10.17,,S10.20,,,,,,,,,,,,,,,,,,,,,,,,,,,
09:45,Gillingham,ECS,C0-6-0,Strood,,,,,,,,,,,,,,,,,,,,,,,,,,,,,,,,,,S09.45,P09.49,,P09.52,,,T09.53,,,,,,,,,,,,,,,,,,,,,,,,,,,,,,,,,,,,,,,,,,,,,
09:54,Gillingham,Pass,EMU,Victoria,,,,,,,,,,,,,,,,,,,,,,,,,,,,,,,,,,S09.54,S09.57/09.59,,S10.00/10.01,,,P10.03,,,S10.13,,S10.15,S10.20,,S10.24,,S10.32,,,,,,S10.42/10.43,,,,,P10.47,,,,,,,,P10.53,,,P10.54,,,,T10.59,,,,,,,,,
09:58,Ashford,Goods,N2-6-0,Hither Green,,,,,,,,,,,,,,,,,,,,,,,,,,,,,,,,,,,,,,,,,,,,,,,,,P12.15,,,T12.22,,,,,,,,,,,,,,,,,,,,,,,,,,,,,,,,,
09:58,Herne Hill,Pass,EMU,Victoria,,,,,,,,,,,,,,,,,,,,,,,,,,,,,,,,,,,,,,,,,,,,,,,,,,,,,,,,,,,,,,,,,,,,,S09.58,,,S10.00,,,,T10.06,,,,,,,,,
10:00,Dover,Goods,N2-6-0,Hoo Junction,,,,,,,,,,,,,,,,,S12.06/12.35,,,P12.53,,,,,,,,,,,,,P13.17,,P13.22,,,,,T13.29,,,,,,,,,,,,,,,,,,,,,,,,,,,,,,,,,,,,,P10.10,,P10.30,S10.35/11.14,,,,P11.39,P11.57
10:00,Gillingham,Goods,C0-6-0,?,,,,,,,,,,,,,,,,,,,,,,,,,,,,,,,,,,S10.00,P10.05,,P10.08,,T10.10,,,,,,,,,,,,,,,,,,,,,,,,,,,,,,,,,,,,,,,,,,,,,,
10:02,Orpington,Pass,EMU,Victoria,,,,,,,,,,,,,,,,,,,,,,,,,,,,,,,,,,,,,,,,,,,,,,,,,,,,,P10.07,,S10.09,,S10.11/10.12,,S10.14,,S10.17,,,S10.19,S10.21,S10.25,S10.26,,,S10.29,,S10.31,,,,T10.36,,,,,,,,,
10:02,Sevenoaks,Pass,EMU,Holbourn Viaduct,,,,,,,,,,,,,,,,,,,,,,,,,,,,,,,,,,,,,,,,,,,,,,,,,,S10.24,S10.29,,,S10.34,,S10.36/10.37,,T10.40,,,,,,,,,,,,,,,,,,,,,,,,,,,
10:08,Gillingham,Pass,EMU,Charing Cross,,,,,,,,,,,,,,,,,,,,,,,,,,,,,,,,,,S10.08,S10.11/10.15,,S10.16/10.17,,,T10.18,,,,,,,,,,,,,,,,,,,,,,,,,,,,,,,,,,,,,,,,,,,,,
10:12,Tonbridge,Pass,C0-6-0,Margate,S12.34,,S12.38,S12.42,T12.48,,,,,,,,,,,,,,,,,,,,,,,,,,,,,,,,,,,,,,,,,,,,,,,,,,,,,,,,,,,,,,,,,,,,,,,,,,,,,,,,
10:19,Sittingbourne,Pass,H0-4-4T,Sheerness,,,,,,,,,,,,,,,,,,,,S10.19,,P10.20,P10.21,,S10.24,,,S10.33,T10.39,,,,,,,,,,,,,,,,,,,,,,,,,,,,,,,,,,,,,,,,,,,,,,,,,,,,,,,,
10:20,Orpington,Pass,EMU,Victoria,,,,,,,,,,,,,,,,,,,,,,,,,,,,,,,,,,,,,,,,,,,,,,,,,,,,,P10.25,,S10.29,,S10.31/10.32,,S10.34,,S10.37,,,S10.39,S10.41,S10.45,S10.46,,,S10.49,,S10.51,,,,T10.56,,,,,,,,,
10:22,Sevenoaks,Pass,EMU,Holbourn Viaduct,,,,,,,,,,,,,,,,,,,,,,,,,,,,,,,,,,,,,,,,,,,,,,,,,,S10.41,S10.46,,,S10.51,,S10.54/10.57,,S11.00,,,,,,,,,,,,,,,,,,,,,,,,,,,
10:35,Chatham,ECS,E1 4-4-0,Strood,,,,,,,,,,,,,,,,,,,,,,,,,,,,,,,,,,,S10.35,,P10.37,,,T10.38,,,,,,,,,,,,,,,,,,,,,,,,,,,,,,,,,,,,,,,,,,,,,
10:40,Gillingham,Pass,EMU,Cannon St,,,,,,,,,,,,,,,,,,,,,,,,,,,,,,,,,,S10.40,S10.43/10.47,,S10.48/10.49,,,T10.50,,,,,,,,,,,,,,,,,,,,,,,,,,,,,,,,,,,,,,,,,,,,,
10:42,Orpington,Pass,EMU,Victoria,,,,,,,,,,,,,,,,,,,,,,,,,,,,,,,,,,,,,,,,,,,,,,,,,,,,,P10.47,,S10.49,,S10.51/10.52,,S10.54,,S10.57,,,S10.59,S11.01,S11.04,S11.06,,,S11.09,,S11.11,,,,T11.16,,,,,,,,,
10:42,Sevenoaks,Pass,EMU,Holbourn Viaduct,,,,,,,,,,,,,,,,,,,,,,,,,,,,,,,,,,,,,,,,,,,,,,,,,,S11.04,S11.09,,,S11.14,,S11.16/11.17,,S11.20,,,,,,,,,,,,,,,,,,,,,,,,,,,
10:45,Ashford,Pass,V4-4-0,Margate,S11.44,,S11.48,S11.52,,T11.58,,,,,,,,,,,,,,,,,,,,,,,,,,,,,,,,,,,,,,,,,,,,,,,,,,,,,,,,,,,,,,,,,,,,,,,,,,,,,,,
10:48,Orpington,Pass,EMU,Bickley,,,,,,,,,,,,,,,,,,,,,,,,,,,,,,,,,,,,,,,,,,,,,,,,,,,,,P10.52,,T10.54,,,,,,,,,,,,,,,,,,,,,,,,,,,,,,
10:54,Gillingham,Pass,EMU,Victoria,,,,,,,,,,,,,,,,,,,,,,,,,,,,,,,,,,S10.54,S10.57/10.59,,S11.00/11.01,,,P11.03,,,S11.13,,S11.15,S11.20,,S11.24,,S11.32,,,,,,S11.42/11.43,,,,,P11.47,,,,,,,,P11.53,,,P11.54,,,,T11.59,,,,,,,,,
11:00,Orpington,Pass,EMU,Victoria,,,,,,,,,,,,,,,,,,,,,,,,,,,,,,,,,,,,,,,,,,,,,,,,,,,,,P11.05,,S11.09,,S11.11/11.12,,S11.14,,S11.17,,,S11.19,S11.21,S11.24,S11.26,,,S11.28,,S11.30,,,,T11.36,,,,,,,,,
11:00,Sheperdswell,Goods,N2-6-0,Hoo Junction,,,,,,,,,,,,,,,,,S11.52/12.02,,,P12.18,,,,,,,,,,,,,S12.42/12.44,,P12.48,,P12.52,,,T12.54,,,,,,,,,,,,,,,,,,,,,,,,,,,,,,,,,,,,,,,S11.00,,,,,P11.24,P11.42
11:00,Sittingbourne,Pass,2-6-2T,Sheerness,,,,,,,,,,,,,,,,,,,,S11.00,,P11.01,P11.02,,S11.05,,S11.14,S11.19,T11.29,,,,,,,,,,,,,,,,,,,,,,,,,,,,,,,,,,,,,,,,,,,,,,,,,,,,,,,,
11:02,Sevenoaks,Pass,EMU,Holbourn Viaduct,,,,,,,,,,,,,,,,,,,,,,,,,,,,,,,,,,,,,,,,,,,,,,,,,,S11.24,S11.29,,,S11.34,,S11.36/11.37,,T11.40,,,,,,,,,,,,,,,,,,,,,,,,,,,
11:07,Gillingham,Pass,EMU,Charing Cross,,,,,,,,,,,,,,,,,,,,,,,,,,,,,,,,,,S11.07,S11.10/11.12,,S11.13/11.14,,,T11.15,,,,,,,,,,,,,,,,,,,,,,,,,,,,,,,,,,,,,,,,,,,,,
11:15,Charing Cross,XP,WC,Margate,S14.17,,S14.21,S14.25,T14.41,,,,,,,,,,,,,,,,,,,,,,,,,,,,,,,,,,,,,,,,,,,,,,,,,,,,,,,,,,,,,,,,,,,,,,,,,,,,,,,,
11:15,Ramsgate,XP,BR4 2-6-0,Victoria,S11.15,,S11.19,S11.23,,S11.29/11.32,S11.37,S11.42,,,S11.54/11.56,,S12.02,S12.08,,S12.18/12.24,,S12.33,,S12.39/12.42,,,,,,,,,,,S12.50,S12.56,S13.01/13.02,,S13.06/13.11,,S13.13/13.14,,,P13.16,,,P13.29,,,,,,,P13.40,,,,,,S13.49/13.51,,,,,P13.55,,,,,,,,P14.03,,,P14.04,,,,T14.10,,,,,,,,,
11:18,Sheerness,Pass,H0-4-4T,Gillingham,,,,,,,,,,,,,,,,,,,,,,,,,S11.33,,,S11.25,S11.18,P11.36,P11.37,,,T11.49,,,,,,,,,,,,,,,,,,,,,,,,,,,,,,,,,,,,,,,,,,,,,,,,,,,
11:19,Dover,Pass,D1 4-4-0,Faversham,,,,,,,,,,,,,,,,,T12.16,,,,,,,,,,,,,,,,,,,,,,,,,,,,,,,,,,,,,,,,,,,,,,,,,,,,,,,,,,,,S11.19,S11.25,S11.32,S11.37,S11.40,S11.43,S11.49,S11.54/11.57,S12.10
11:22,Orpington,Pass,EMU,Victoria,,,,,,,,,,,,,,,,,,,,,,,,,,,,,,,,,,,,,,,,,,,,,,,,,,,,,P11.27,,S11.29,,S11.31/11.32,,S11.34,,S11.37,,,S11.39,S11.41,S11.44,S11.46,,,S11.48,,S11.51,,,,T11.56,,,,,,,,,
11:22,Sevenoaks,Pass,EMU,Holbourn Viaduct,,,,,,,,,,,,,,,,,,,,,,,,,,,,,,,,,,,,,,,,,,,,,,,,,,S11.44,S11.49,,,S11.54,,S11.56/11.57,,T12.00,,,,,,,,,,,,,,,,,,,,,,,,,,,
11:24,Chatham,Goods,N2-6-0,Hoo Junction,,,,,,,,,,,,,,,,,,,,,,,,,,,,,,,,,,,,,,,S11.24,T11.28,,,,,,,,,,,,,,,,,,,,,,,,,,,,,,,,,,,,,,,,,,,,,
11:42,Gillingham,Pass,EMU,Cannon St,,,,,,,,,,,,,,,,,,,,,,,,,,,,,,,,,,S11.42,S11.45/11.47,,S11.48/11.49,,,T11.50,,,,,,,,,,,,,,,,,,,,,,,,,,,,,,,,,,,,,,,,,,,,,
11:42,Orpington,Pass,EMU,Victoria,,,,,,,,,,,,,,,,,,,,,,,,,,,,,,,,,,,,,,,,,,,,,,,,,,,,,P11.47,,S11.49,,S11.51/11.52,,S11.54,,S11.57,,,S11.59,S12.01,S12.04,S12.06,,,S12.09,,S12.11,,,,T12.16,,,,,,,,,
11:42,Sevenoaks,Pass,EMU,Holbourn Viaduct,,,,,,,,,,,,,,,,,,,,,,,,,,,,,,,,,,,,,,,,,,,,,,,,,,,,,S12.12,S12.14,,S12.16/12.17,,S12.20,,,,,,,,,,,,,,,,,,,,,,,,,,,
11:53,Sittingbourne,Pass,C0-6-0,Sheerness,,,,,,,,,,,,,,,,,,,,S11.53,,P11.54,P11.55,,S11.58,,S12.04,S12.07,T12.13,,,,,,,,,,,,,,,,,,,,,,,,,,,,,,,,,,,,,,,,,,,,,,,,,,,,,,,,
11:54,Gillingham,Pass,EMU,Victoria,,,,,,,,,,,,,,,,,,,,,,,,,,,,,,,,,,S11.54,S11.57/11.59,,S12.00/12.01,,,P12.03,,,S12.13,,S12.15,S12.20,,S12.24,,S12.32,,,,,,S12.42/12.43,,,,,P12.47,,,,,,,,P12.53,,,P12.54,,,,T12.59,,,,,,,,,
11:59,Ramsgate,Goods,C0-6-0,Broadstairs,S11.59,,,T12.10,,,,,,,,,,,,,,,,,,,,,,,,,,,,,,,,,,,,,,,,,,,,,,,,,,,,,,,,,,,,,,,,,,,,,,,,,,,,,,,,,
12:02,Orpington,Pass,EMU,Victoria,,,,,,,,,,,,,,,,,,,,,,,,,,,,,,,,,,,,,,,,,,,,,,,,,,,,,P12.07,,S12.09,,S12.11/12.12,,S12.14,,S12.17,,,S12.19,S12.21,S12.24,S12.26,,,S12.28,,S12.31,,,,T12.36,,,,,,,,,
12:02,Sevenoaks,Pass,EMU,Holbourn Viaduct,,,,,,,,,,,,,,,,,,,,,,,,,,,,,,,,,,,,,,,,,,,,,,,,,,S12.24,S12.29,,,S12.34,,S12.36/12.37,,T12.40,,,,,,,,,,,,,,,,,,,,,,,,,,,
12:07,Gillingham,Pass,EMU,Charing Cross,,,,,,,,,,,,,,,,,,,,,,,,,,,,,,,,,,S12.07,S12.10/12.12,,S12.13/12.14,,,T12.15,,,,,,,,,,,,,,,,,,,,,,,,,,,,,,,,,,,,,,,,,,,,,
12:15,Gillingham,ECS,2-6-2T,Chatham,,,,,,,,,,,,,,,,,,,,,,,,,,,,,,,,,S12.15,,T12.20,,,,,,,,,,,,,,,,,,,,,,,,,,,,,,,,,,,,,,,,,,,,,,,,,,
12:22,Orpington,Pass,EMU,Victoria,,,,,,,,,,,,,,,,,,,,,,,,,,,,,,,,,,,,,,,,,,,,,,,,,,,,,P12.27,,S12.29,,S12.31/12.32,,S12.34,,S12.37,,,S12.39,S12.41,S12.44,S12.46,,,S12.48,,S12.51,,,,T12.56,,,,,,,,,
12:22,Sevenoaks,Pass,EMU,Holbourn Viaduct,,,,,,,,,,,,,,,,,,,,,,,,,,,,,,,,,,,,,,,,,,,,,,,,,,S12.44,S12.49,,,S12.54,,S12.56/12.57,,T13.00,,,,,,,,,,,,,,,,,,,,,,,,,,,
12:28,Maidstone,Pass,2-6-2T,Margate,S14.25,,S14.29,S14.33,T14.39,,,,,,,,,,,,,,,,,,,,,,,,,,,,,,,,,,,,,,,,,,,,,,,,,,,,,,,,,,,,,,,,,,,,,,,,,,,,,,,,
12:37,Dover,Pass,E1 4-4-0,Gillingham,,,,,,,,,,,,,,,,,S13.30/13.32,S13.41,,S13.47/13.48,,,,,,,,,,,S13.55,S14.01,,T14.06,,,,,,,,,,,,,,,,,,,,,,,,,,,,,,,,,,,,,,,,,,,S12.37,S12.43,S12.50,S12.55,S12.58,S13.01,S13.07,S13.12/13.14,
12:40,Gillingham,Pass,EMU,Cannon St,,,,,,,,,,,,,,,,,,,,,,,,,,,,,,,,,,S12.40,S12.43/12.45,,S12.47/12.49,,,T12.50,,,,,,,,,,,,,,,,,,,,,,,,,,,,,,,,,,,,,,,,,,,,,
12:42,Orpington,Pass,EMU,Victoria,,,,,,,,,,,,,,,,,,,,,,,,,,,,,,,,,,,,,,,,,,,,,,,,,,,,,P12.47,,S12.49,,S12.51/12.52,,S12.54,,S12.57,,,S12.59,S13.01,S13.04,S13.06,,,S13.09,,S13.11,,,,T13.16,,,,,,,,,
12:42,Sevenoaks,Pass,E1 4-4-0,Holbourn Viaduct,,,,,,,,,,,,,,,,,,,,,,,,,,,,,,,,,,,,,,,,,,,,,,,,,,S13.04,S13.09,,,S13.14,,S13.16/13.17,,S13.20,,,,,,,,,,,,,,,,,,,,,,,,,,,
12:45,Dover,Light,N1 2-6-0,Shepherdswell,,,,,,,,,,,,,,,,,,,,,,,,,,,,,,,,,,,,,,,,,,,,,,,,,,,,,,,,,,,,,,,,,,,,,,,,,,,,,S12.45,,T13.05,,,,,,
12:54,Gillingham,Pass,EMU,Victoria,,,,,,,,,,,,,,,,,,,,,,,,,,,,,,,,,,S12.54,S12.57/12.58,,S13.00/13.01,,,P13.03,,,S13.13,,S13.15,S13.20,,S13.24,,S13.32,,,,,S13.31/13.32,,,,S13.34,,S13.37,,,S13.39,S13.41,S13.44,S13.46,,,S13.48,,S13.51,,,,T13.56,,,,,,,,,
12:56,Chatham,Pass,2-6-2T,Sheerness,,,,,,,,,,,,,,,,,,,,S13.26,,P13.27,P13.28,,S13.31,,,S13.42,T13.48,,,,,,,,,,,,,,,,,,,,,,,,,,,,,,,,,,,,,,,,,,,,,,,,,,,,,,,,
13:00,Orpington,Pass,EMU,Victoria,,,,,,,,,,,,,,,,,,,,,,,,,,,,,,,,,,,,,,,,,,,,,,,,,,,,,P13.05,,S13.09,,S13.11/13.12,,S13.14,,S13.17,,,S13.19,S13.21,S13.24,S13.26,,,S13.29,,S13.31,,,,T13.36,,,,,,,,,
13:02,Sevenoaks,Pass,EMU,Holbourn Viaduct,,,,,,,,,,,,,,,,,,,,,,,,,,,,,,,,,,,,,,,,,,,,,,,,,,S13.24,S13.29,,,S13.34,,S13.36/13.37,,T13.40,,,,,,,,,,,,,,,,,,,,,,,,,,,
13:05,Dover,Pass,L4-4-0,Faversham,,,,,,,,,,,,,,,,,T14.02,,,,,,,,,,,,,,,,,,,,,,,,,,,,,,,,,,,,,,,,,,,,,,,,,,,,,,,,,,,,S13.05,S13.11,S13.19,S13.24,S13.27,S13.30,S13.36,S13.41/13.43,S13.56
13:10,Dover,Boat,MN 4-6-2,Victoria,,,,,,,,,,,,,,,,,,,,,,,,,,,,,,,,,,,,,,,,,,,,,,,,,,,,,P14.43,,,,P14.46,,P14.48,,,T14.50,,,,,,,,,,,,,,,,,,,,,,,
13:10,Gillingham,Pass,EMU,Charing Cross,,,,,,,,,,,,,,,,,,,,,,,,,,,,,,,,,,S13.10,S13.13/13.15,,S13.16/13.17,,,T13.18,,,,,,,,,,,,,,,,,,,,,,,,,,,,,,,,,,,,,,,,,,,,,
13:10,Ramsgate,XP,brs,Victoria,S13.10,,S13.14,S13.18,,S13.25/13.29,S13.34,S13.39,,,S13.50/13.52,,S13.58,S14.03,,S14.13/14.19,,,,S14.30/14.32,,,,,,,,,,,,,S14.45/14.46,,S14.50/14.53,,P14.55,,,P14.56,,,P15.09,,,,,,,P15.19,,,,P15.26,,S15.28/16.29,,P15.31,,,P15.33,,,,,,,,P15.41,,,,,,,T15.48,,,,,,,,,
13:15,Charing Cross,XP,wc,Margate,S16.02,,S16.06,S16.10,T16.16,,,,,,,,,,,,,,,,,,,,,,,,,,,,,,,,,,,,,,,,,,,,,,,,,,,,,,,,,,,,,,,,,,,,,,,,,,,,,,,,
13:20,Whitstable,Goods,N2-6-0,Faversham,,,,,,,,,,,,,,S13.20,S13.27/13.29,,T13.50,,,,,,,,,,,,,,,,,,,,,,,,,,,,,,,,,,,,,,,,,,,,,,,,,,,,,,,,,,,,,,,,,,,,
13:22,Orpington,Pass,EMU,Victoria,,,,,,,,,,,,,,,,,,,,,,,,,,,,,,,,,,,,,,,,,,,,,,,,,,,,,P13.27,,S13.29,,S13.31/13.32,,S13.34,,S13.37,,,S13.39,S13.41,S13.44,S13.46,,,S13.48,,S13.51,,,,T13.56,,,,,,,,,
13:22,Sevenoaks,Pass,EMU,Holbourn Viaduct,,,,,,,,,,,,,,,,,,,,,,,,,,,,,,,,,,,,,,,,,,,,,,,,,,S13.44,S13.49,,,S13.54,,S13.56/13.57,,T14.00,,,,,,,,,,,,,,,,,,,,,,,,,,,
13:40,Gillingham,Pass,EMU,Charing Cross,,,,,,,,,,,,,,,,,,,,,,,,,,,,,,,,,,S13.40,S13.43/13.47,,S13.48/13.49,,,T13.50,,,,,,,,,,,,,,,,,,,,,,,,,,,,,,,,,,,,,,,,,,,,,
13:42,Orpington,Pass,EMU,Holbourn Viaduct,,,,,,,,,,,,,,,,,,,,,,,,,,,,,,,,,,,,,,,,,,,,,,,,,,S14.04,S14.09,,,S14.14,,S14.16/14.17,,T14.20,,,,,,,,,,,,S14.09,,,,,,,,,,,,,,,
13:54,Gillingham,Pass,EMU,Victoria,,,,,,,,,,,,,,,,,,,,,,,,,,,,,,,,,,S13.54,S13.57/13.58,,S14.00/14.01,,,P14.03,,,S14.13,,S14.15,S14.20,,S14.24,,S14.32,,,,,,S14.42/14.43,,,,,P14.47,,,,,,,,P14.43,,,P14.54,,,,T14.59,,,,,,,,,
13:55,Ramsgate,XP,brs,Victoria,S13.55,,S13.59,S14.03,,S14.09/14.12,S14.17,S14.22,,,S14.33/14.35,,S14.41,S14.47,,S14.57/15.01,,,,P15.11,,,,,,,,,,,,,P15.22,,P15.25,,P15.27,,,P15.28,,,P15.39,,,,,,,P15.50,,,,,,S15.59/16.00,,,,,P16.04,,,,,,,,P16.12,,,P16.13,,,,T16.20,,,,,,,,,
13:55,Sittingbourne,Pass,C0-6-0,Sheerness,,,,,,,,,,,,,,,,,,,,S13.55,,P13.56,P13.57,,S14.00,,S14.06,S14.10,T14.20,,,,,,,,,,,,,,,,,,,,,,,,,,,,,,,,,,,,,,,,,,,,,,,,,,,,,,,,
13:55,Snowdown,Goods,N2-6-0,Chatham Goods,,,,,,,,,,,,,,,,,S14.50/15.20,,,,P15.36,,,,,,,,,,,,P15.58,,P16.00,,,,T16.05,,,,,,,,,,,,,,,,,,,,,,,,,,,,,,,,,,,,,,,,,S13.55,,,,P14.20,
14:00,Ramsgate,Light,4MTT,Margate,S14.00,,,,T14.17,,,,,,,,,,,,,,,,,,,,,,,,,,,,,,,,,,,,,,,,,,,,,,,,,,,,,,,,,,,,,,,,,,,,,,,,,,,,,,,,
14:02,Orpington,Pass,EMU,Victoria,,,,,,,,,,,,,,,,,,,,,,,,,,,,,,,,,,,,,,,,,,,,,,,,,,,,,P14.07,,S14.09,,S14.11/14.12,,S14.14,,S14.17,,,S14.19,S14.21,S14.24,S14.26,,,S14.29,,S14.31,,,,T14.36,,,,,,,,,
14:02,Sevenoaks,Pass,EMU,Holbourn Viaduct,,,,,,,,,,,,,,,,,,,,,,,,,,,,,,,,,,,,,,,,,,,,,,,,,,S14.24,S14.29,,,S14.34,,S14.36/14.37,,T14.40,,,,,,,,,,,,,,,,,,,,,,,,,,,
14:02,Town,Goods,N2-6-0,Faversham ?,,,,,,,,,,,,,,,,,T19.18,,,,,,,,,,,,,,,,,,,,,,,,,,,,,,,,,,,,,,,,,,,,,,,,,,,,,,,,,,,,S14.02,,S14.27/14.45,,,S14.55/16.10,S16.20/16.34,S16.44/18.25,S18.48/19.08
14:08,Sheerness,Pass,2-6-2T,Gillingham,,,,,,,,,,,,,,,,,,,,,,,,,,,,,,P14.25,,,,T14.36,,,,,,,,,,,,,,,,,,,,,,,,,,,,,,,,,,,,,,,,,,,,,,,,,,,
14:10,Gillingham,Pass,EMU,Charing Cross,,,,,,,,,,,,,,,,,,,,,,,,,,,,,,,,,,S14.10,S14.13/14.15,,S14.16/14.17,,,T14.18,,,,,,,,,,,,,,,,,,,,,,,,,,,,,,,,,,,,,,,,,,,,,
14:22,Gillingham,parcels,C0-6-0,Strood,,,,,,,,,,,,,,,,,,,,,,,,,,,,,,,,,S14.22,,,S14.26/14.43,,S14.45/14.56,,T14.57,,,,,,,,,,,,,,,,,,,,,,,,,,,,,,,,,,,,,,,,,,,,,
14:22,Orpington,Pass,EMU,Victoria,,,,,,,,,,,,,,,,,,,,,,,,,,,,,,,,,,,,,,,,,,,,,,,,,,,,,P14.27,,S14.29,,S14.31/14.32,,S14.34,,S14.37,,,S14.39,S14.41,S14.44,S14.46,,,S14.49,,S14.51,,,,T14.56,,,,,,,,,
14:22,Sevenoaks,Pass,EMU,Holbourn Viaduct,,,,,,,,,,,,,,,,,,,,,,,,,,,,,,,,,,,,,,,,,,,,,,,,,,S14.44,S14.49,,,S14.54,,S14.56/14.57,,T15.00,,,,,,,,,,,,,,,,,,,,,,,,,,,
14:32,Gillingham,Pass,EMU,Charing Cross,,,,,,,,,,,,,,,,,,,,,,,,,,,,,,,,,,S14.32,S14.35/14.37,,S14.38/14.39,,,T14.40,,,,,,,,,,,,,,,,,,,,,,,,,,,,,,,,,,,,,,,,,,,,,
14:35,Orpington,Pass,EMU,Holbourn Viaduct,,,,,,,,,,,,,,,,,,,,,,,,,,,,,,,,,,,,,,,,,,,,,,,,,,,,,P14.41,S14.42,,S14.44/14.46,,T14.49,,,,,,,,,,,,S15.09,,,,,,,,,,,,,,,
14:40,Dover,Pass,2-6-4T,Canterbury East,,,,,,,,,,,,,,,,,,,,,,,,,,,,,,,,,,,,,,,,,,,,,,,,,,,,,,,,,,,,,,,,,,,,,,,,,,,,,S14.40,S14.46,S14.54,S14.59,S15.02,S15.05,S15.11,T15.16,
14:41,Gillingham,Pass,EMU,Cannon St,,,,,,,,,,,,,,,,,,,,,,,,,,,,,,,,,,S14.41,S14.44/14.47,,S14.48/14.49,,,T14.50,,,,,,,,,,,,,,,,,,,,,,,,,,,,,,,,,,,,,,,,,,,,,
14:42,Orpington,Pass,EMU,Victoria,,,,,,,,,,,,,,,,,,,,,,,,,,,,,,,,,,,,,,,,,,,,,,,,,,,,,P14.47,,S14.49,,S14.51/14.52,,S14.54,,S14.57,,,S14.59,S15.01,S15.04,S15.06,,,S15.08,,S15.11,,,,T15.16,,,,,,,,,
14:42,Sevenoaks,Pass,EMU,Holbourn Viaduct,,,,,,,,,,,,,,,,,,,,,,,,,,,,,,,,,,,,,,,,,,,,,,,,,,S15.04,S15.09,,,S15.14,,S15.16/15.17,,S15.20,,,,,,,,,,,,,,,,,,,,,,,,,,,
14:43,Sittingbourne,Pass,C0-6-0,Sheerness,,,,,,,,,,,,,,,,,,,,S14.43,,P14.44,P14.45,,S14.48,,S14.54,S14.59,T15.05,,,,,,,,,,,,,,,,,,,,,,,,,,,,,,,,,,,,,,,,,,,,,,,,,,,,,,,,
14:54,Gillingham,Pass,EMU,Victoria,,,,,,,,,,,,,,,,,,,,,,,,,,,,,,,,,,S14.54,S14.57/14.58,,S15.00/15.01,,,P15.03,,,S15.13,,S15.15,S15.20,,S15.24,,S15.32,,,,,,S15.42/15.43,,P15.45,,,P15.47,,,,,,,,P15.53,,,P15.55,,,,T16.00,,,,,,,,,
14:57,Gillingham,ECS,D1 4-4-0,Chatham,,,,,,,,,,,,,,,,,,,,,,,,,,,,,,,,,,S14.57,,T15.01,,,,,,,,,,,,,,,,,,,,,,,,,,,,,,,,,,,,,,,,,,,,,,,,,
15:00,Canterbury,Pass,2-6-4T,Margate,S15.33,,S15.37,S15.40,T15.47,,,,,,,,,,,,,,,,,,,,,,,,,,,,,,,,,,,,,,,,,,,,,,,,,,,,,,,,,,,,,,,,,,,,,,,,,,,,,,,,
15:02,Orpington,Pass,EMU,Victoria,,,,,,,,,,,,,,,,,,,,,,,,,,,,,,,,,,,,,,,,,,,,,,,,,,,,,P15.07,,S15.09,,S15.11/15.12,,S15.14,,S15.17,,,S15.19,S15.21,S15.24,S15.26,,,S15.29,,S15.31,,,,T15.36,,,,,,,,,
15:04,Sevenoaks,Pass,EMU,Holbourn Viaduct,,,,,,,,,,,,,,,,,,,,,,,,,,,,,,,,,,,,,,,,,,,,,,,,,,S15.24,S15.29,,,S15.34,,S15.36/15.37,,T15.40,,,,,,,,,,,,,,,,,,,,,,,,,,,
15:10,Gillingham,Pass,EMU,Charing Cross,,,,,,,,,,,,,,,,,,,,,,,,,,,,,,,,,,S15.10,S15.13/15.15,,S15.16/15.17,,,T15.18,,,,,,,,,,,,,,,,,,,,,,,,,,,,,,,,,,,,,,,,,,,,,
15:11,Faversham,Pass,2-6-2T,Chatham,,,,,,,,,,,,,,,,S15.11,,S15.20,,S15.26/15.28,,,,,,,,,,,S15.35,S15.41,S15.46/15.47,,,T15.51,,,,,,,,,,,,,,,,,,,,,,,,,,,,,,,,,,,,,,,,,,,,,,,,,
15:18,Orpington,Pass,EMU,Victoria,,,,,,,,,,,,,,,,,,,,,,,,,,,,,,,,,,,,,,,,,,,,,,,,,,,,,P15.23,,S15.29,,S15.31/15.32,,S15.35,,S15.38,,,S15.40,S15.42,S15.45,S15.47,,,S15.49,,S15.51,,,,T15.57,,,,,,,,,
15:22,Ramsgate,XP,Brs 4-6-0,Victoria,S15.22,,S15.26,S15.31,,S15.37/15.40,S15.45,S15.50,,,S16.02/16.04,,S16.10,S16.16,,S16.26/16.31,,S16.40,,S16.46/16.48,,,,,,,,,,,,,S17.01/17.02,,S17.06/17.10,,P17.12,,,P17.13,,,P17.27,,,,,,,P17.39,,,,,,S17.48/17.50,,,,,P17.54,,,,,,,,P18.03,,,P18.04,,,,T18.12,,,,,,,,,
15:22,Sevenoaks,Pass,EMU,Holbourn Viaduct,,,,,,,,,,,,,,,,,,,,,,,,,,,,,,,,,,,,,,,,,,,,,,,,,,S15.44,S15.49,,,S15.54,,S15.56/15.57,,T16.00,,,,,,,,,,,,,,,,,,,,,,,,,,,
15:28,Dover,Pass,2-6-2T,Faversham,,,,,,,,,,,,,,,,,T16.23,,,,,,,,,,,,,,,,,,,,,,,,,,,,,,,,,,,,,,,,,,,,,,,,,,,,,,,,,,,,S15.28,S15.34,S15.41,S15.45,S15.48,S15.51,S15.57,S16.02/16.04,S16.17
15:36,Maidstone,Pass,2-6-4T,Margate,S17.35,,S17.39,S17.43,T17.49,,,,,,,,,,,,,,,,,,,,,,,,,,,,,,,,,,,,,,,,,,,,,,,,,,,,,,,,,,,,,,,,,,,,,,,,,,,,,,,,
15:42,Gillingham,Pass,EMU,Cannon St,,,,,,,,,,,,,,,,,,,,,,,,,,,,,,,,,,S15.42,S15.45/15.47,,S15.48/15.49,,,T15.50,,,,,,,,,,,,,,,,,,,,,,,,,,,,,,,,,,,,,,,,,,,,,
15:42,Orpington,Pass,EMU,Victoria,,,,,,,,,,,,,,,,,,,,,,,,,,,,,,,,,,,,,,,,,,,,,,,,,,,,,P15.47,,S15.49,,S15.51/15.52,,S15.54,,S15.57,,,S15.59,S16.01,S16.04,S16.06,,,S16.08,,S16.11,,,,T16.16,,,,,,,,,
15:42,Sevenoaks,Pass,EMU,Holbourn Viaduct,,,,,,,,,,,,,,,,,,,,,,,,,,,,,,,,,,,,,,,,,,,,,,,,,,S16.04,S16.09,,,S16.14,,S16.16/16.17,,S16.20,,,,,,,,,,,,,,,,,,,,,,,,,,,
15:45,Margate,Goods,C0-6-0,Faversham,,,,,,S15.45,P15.50,S15.55/16.20,,,,S16.40/18.10,S18.18/18.28,,,,T18.45,,,,,,,,,,,,,,,,,,,,,,,,,,,,,,,,,,,,,,,,,,,,,,,,,,,,,,,,,,,,,,,,,,,,
15:51,Bickley,Pass,EMU,Holbourn Viaduct,,,,,,,,,,,,,,,,,,,,,,,,,,,,,,,,,,,,,,,,,,,,,,,,,,,,,,,S15.51,,S15.53/15.54,,T15.56,,,,,,,,,,,,,,,,,,,,,,,,,,
15:54,Gillingham,Pass,EMU,Victoria,,,,,,,,,,,,,,,,,,,,,,,,,,,,,,,,,,S15.54,S15.57/15.58,,S16.00/16.01,,,P16.03,,,S16.13,,S16.15,S16.20,,S16.24,,S16.33,,,,,,S16.42/16.43,,P16.45,,,P16.47,,,,,,,,P16.53,,,P16.55,,,,T17.00,,,,,,,,,
16:00,Sittingbourne,Pass,2-6-2T,Sheerness,,,,,,,,,,,,,,,,,,,,S16.00,,P16.01,P16.02,,S16.05,,S16.11,S16.16,T16.26,,,,,,,,,,,,,,,,,,,,,,,,,,,,,,,,,,,,,,,,,,,,,,,,,,,,,,,,
16:02,Orpington,Pass,EMU,Victoria,,,,,,,,,,,,,,,,,,,,,,,,,,,,,,,,,,,,,,,,,,,,,,,,,,,,,P16.07,,S16.09,,S16.11/16.12,,S16.14,,S16.17,,,S16.19,S16.21,S16.24,S16.26,,,S16.29,,S16.31,,,,T16.36,,,,,,,,,
16:02,Sevenoaks,Pass,EMU,Holbourn Viaduct,,,,,,,,,,,,,,,,,,,,,,,,,,,,,,,,,,,,,,,,,,,,,,,,,,S16.24,S16.29,,,S16.34,,S16.36/16.37,,T16.40,,,,,,,,,,,,,,,,,,,,,,,,,,,
16:10,Gillingham,Pass,EMU,Charing Cross,,,,,,,,,,,,,,,,,,,,,,,,,,,,,,,,,,S16.10,S16.13/16.15,,S16.16/16.17,,,T16.18,,,,,,,,,,,,,,,,,,,,,,,,,,,,,,,,,,,,,,,,,,,,,
16:12,Tonbridge,Pass,L4-4-0,Faversham,S18.30,,S18.34,S18.38,,S18.44/18.47,S18.52,S18.57,,,S19.09/19.11,,,S19.20,,T19.30,,,,,,,,,,,,,,,,,,,,,,,,,,,,,,,,,,,,,,,,,,,,,,,,,,,,,,,,,,,,,,,,,,,,,
16:15,Charing Cross,XP,WC,Margate,S18.39,,S18.43,S18.47,T18.53,,,,,,,,,,,,,,,,,,,,,,,,,,,,,,,,,,,,,,,,,,,,,,,,,,,,,,,,,,,,,,,,,,,,,,,,,,,,,,,,
16:15,Ramsgate,Pass,Brs 4-6-0,Victoria,S16.15,,S16.19,S16.23,,S16.30/16.34,S16.39,S16.44,,,S16.55/16.57,,S17.03,S17.09,,S17.19/17.25,,,,S17.36/17.38,,,,,,,,,,,S17.46,S17.52,S17.57/17.59,,,S18.03/18.20,P18.22,,,P18.23,,,P18.36,,,,,,,S18.51,,,,,,S19.01/19.03,,,,,S19.07,,,,,,,,P19.15,,,P19.16,,,,T19.22,,,,,,,,,
16:18,Dover,Pass,L4-4-0,Faversham,,,,,,,,,,,,,,,,,T17.16,,,,,,,,,,,,,,,,,,,,,,,,,,,,,,,,,,,,,,,,,,,,,,,,,,,,,,,,,,,,S16.18,S16.24,S16.31,S16.35,S16.38,S16.41,S16.49,S16.54/16.57,S17.10
16:20,Canterbury,Goods,N2-6-0,Blackfriars,,,,,,,,,,,,,,,,,S16.54/17.30,S17.42/18.21,,,S18.27/18.56,,,,,,,,,,S19.07/19.28,S19.34/20.10,P20.18,,P20.22,,P20.26,,,T20.28,,,,,,,,,,,,,,,,,,,,,,,,,,,,,,,,,,,,,,,,,,,,S16.20,S16.38
16:22,Sevenoaks,Pass,EMU,Holbourn Viaduct,,,,,,,,,,,,,,,,,,,,,,,,,,,,,,,,,,,,,,,,,,,,,,,,,,,,,P16.53,S16.54,,S16.56/16.57,,T17.00,,,,,,,,,,,,,,,,,,,,,,,,,,,
16:23,Orpington,Pass,EMU,Victoria,,,,,,,,,,,,,,,,,,,,,,,,,,,,,,,,,,,,,,,,,,,,,,,,,,,,,P16.28,,S16.29,,S16.31/16.32,,S16.35,,S16.38,,,S16.40,S16.42,S16.45,S16.47,,,S16.49,,S16.51,,,,T16.57,,,,,,,,,
16:39,Orpington,Pass,EMU,Victoria,,,,,,,,,,,,,,,,,,,,,,,,,,,,,,,,,,,,,,,,,,,,,,,,,,,,,P16.44,,S16.45,,S16.47/16.48,,S16.52,,S16.56,,,S16.58,S17.00,S17.04,S17.06,,,S17.08,,S17.10,,,,T17.16,,,,,,,,,
16:40,Gillingham,Pass,EMU,Cannon St,,,,,,,,,,,,,,,,,,,,,,,,,,,,,,,,,,S16.40,S16.43/16.45,,S16.47/16.49,,,T16.50,,,,,,,,,,,,,,,,,,,,,,,,,,,,,,,,,,,,,,,,,,,,,
16:42,Bickley,Pass,EMU,Holbourn Viaduct,,,,,,,,,,,,,,,,,,,,,,,,,,,,,,,,,,,,,,,,,,,,,,,,,,,,,,,S16.42,,S16.44/16.45,,S16.48,,S16.51,,,S16.53,S16.55,S16.58,S17.00,,,,T17.04,,,,,,,,,,,,,,
16:48,Sevenoaks,Pass,EMU,Holbourn Viaduct,,,,,,,,,,,,,,,,,,,,,,,,,,,,,,,,,,,,,,,,,,,,,,,,,,S17.08,S17.13,,,S17.18,,S17.19/17.24,,S17.27,,,,,,,,,,,,,,,,,,,,,,,,,,,
16:49,Maidstone,Pass,EMU,Victoria,,,,,,,,,,,,,,,,,,,,,,,,,,,,,,,,,,,,,,,,,,,,,,,,,S17.29,,,,,,,S17.39/17.40,,P17.43,,,P17.46,,,,,,,,,P17.53,,P17.54,,,,T17.59,,,,,,,,,
16:54,Gillingham,Pass,EMU,Victoria,,,,,,,,,,,,,,,,,,,,,,,,,,,,,,,,,,S16.54,S16.57/16.59,,S17.00/17.01,,,P17.03,,,S17.13,,S17.15,S17.20,,S17.24,,S17.33,,,,,,S17.43/17.44,,P17.46,,,P17.50,,,,,,,,S17.57,,,P17.58,,,,T18.03,,,,,,,,,
16:56,Sittingbourne,Pass,2-6-2T,Sheerness,,,,,,,,,,,,,,,,,,,,S16.56,,P16.57,P16.58,,S17.01,,S17.07,S17.11,T17.21,,,,,,,,,,,,,,,,,,,,,,,,,,,,,,,,,,,,,,,,,,,,,,,,,,,,,,,,
16:58,Dover,Boat,br7,Victoria,,,,,,,,,,,,,,,,,,,,,,,,,,,,,,,,,,,,,,,,,,,,,,,,,,,,,P18.10,,,P18.13,,,,,P18.16,,,,,,,,P18.23,,,P18.24,,,,T18.30,,,,,,,,,
17:03,Sole St,Goods,C0-6-0,Farningham Road,,,,,,,,,,,,,,,,,,,,,,,,,,,,,,,,,,,,,,,,,,,S17.03,,S17.08/17.35,S17.43/18.00,P18.05,T18.14,,,,,,,,,,,,,,,,,,,,,,,,,,,,,,,,,,,,,
17:04,Sevenoaks,Pass,EMU,Holbourn Viaduct,,,,,,,,,,,,,,,,,,,,,,,,,,,,,,,,,,,,,,,,,,,,,,,,,,S17.24,S17.29,,,S17.34,,S17.36/17.37,,T17.40,,,,,,,,,,,,,,,,,,,,,,,,,,,
17:05,Orpington,Pass,EMU,Holbourn Viaduct,,,,,,,,,,,,,,,,,,,,,,,,,,,,,,,,,,,,,,,,,,,,,,,,,,,,,P17.10,S17.11,,S17.13/17.14,,P17.16,,,,,,,,,,,,S17.33,,,,,,,,,,,,,,,
17:05,Orpington,ECS,EMU,Victoria,,,,,,,,,,,,,,,,,,,,,,,,,,,,,,,,,,,,,,,,,,,,,,,,,,,,,P17.06,,S17.07,,S17.09/17.10,,S17.12,,S17.16,,,S17.18,S17.20,S17.23,S17.25,,,S17.28,,S17.30,,,,T17.35,,,,,,,,,
17:05,Ramsgate,Pullman,WC,Victoria,S17.05,,S17.09,S17.13,,S17.19/17.21,,,,,S17.36/17.38,,,S17.47,,P17.57,,,,P18.05,,,,,,,,,,,,,P18.14,,S18.17,,P18.19,,,P18.20,,,P18.30,,,,,,,P18.40,,,,P18.46,,S18.48,,,,,P18.51,,,,,,,,P18.58,,,P18.59,,,,T19.05,,,,,,,,,
17:09,Dover,Pass,2-6-4T,Chatham,,,,,,,,,,,,,,,,,S18.01/18.03,S18.12,,S18.18/18.19,,,,,,,,,,,S18.26,S18.32,S18.37/18.38,,,T18.42,,,,,,,,,,,,,,,,,,,,,,,,,,,,,,,,,,,,,,,,,S17.09,S17.15,S17.21,S17.25,S17.28,S17.31,S17.36,S17.41/17.42,S17.55
17:10,Gillingham,Pass,EMU,Charing Cross,,,,,,,,,,,,,,,,,,,,,,,,,,,,,,,,,,S17.10,S17.13/17.15,,S17.17/17.18,,,T17.19,,,,,,,,,,,,,,,,,,,,,,,,,,,,,,,,,,,,,,,,,,,,,
17:10,Ramsgate,parcels,N2-6-0,Victoria,S17.10,,,S17.24,S17.30/18.00,,S18.04/18.12,S18.16/18.22,,,,S18.34/19.23,,S19.31/19.44,,,S19.54/21.15,S21.23/21.25,,,S21.34/21.46,,,,,,,,,,,S21.56/22.01,,,,P22.10,,P22.12,,P22.13,,,P22.27,,,,,,,P22.40,,,,,,P22.49,,,,,P22.53,,,,,,,,S23.05/23.16,,,P23.19,,,,T23.26,,,,,,,,,
17:13,Orpington,Pass,EMU,Victoria,,,,,,,,,,,,,,,,,,,,,,,,,,,,,,,,,,,,,,,,,,,,,,,,,,,,,P17.18,,S17.19,,S17.21/17.22,,S17.25,,S17.28,,,S17.32,S17.34,S17.37,S17.40,,,S17.43,,S17.46,,,,T17.51,,,,,,,,,
17:14,Bickley,Pass,EMU,Holbourn Viaduct,,,,,,,,,,,,,,,,,,,,,,,,,,,,,,,,,,,,,,,,,,,,,,,,,,,,,,,S17.14,,S17.16/17.17,,S17.20,,,,,,,,,,,,,,,,,,,,,,,,,,
17:15,Dover,Boat,wc,Victoria,,,,,,,,,,,,,,,,,,,,,,,,,,,,,,,,,,,,,,,,,,,,,,,,,,,,,P18.30,,,,P18.33,,,,P18.36,,,,,,,,,P18.43,,P18.44,,,,T18.50,,,,,,,,,
17:16,Maidstone,Pass,EMU,Victoria,,,,,,,,,,,,,,,,,,,,,,,,,,,,,,,,,,,,,,,,,,,,,,,,,S17.57,,,,,,,,S18.06/18.08,,,,P18.12,,,,,,,,,P18.18,,P18.19,,,,T18.24,,,,,,,,,
17:20,Ashford,Goods,C0-6-0,Hither Green,,,,,,,,,,,,,,,,,,,,,,,,,,,,,,,,,,,,,,,,,,,,,,,,,,S01.25,P01.32,P01.35,,,,,,,,,,,,,,,,,,,,,,,,,,,,,,,,,
17:20,S.Hill,ECS,EMU,Victoria,,,,,,,,,,,,,,,,,,,,,,,,,,,,,,,,,,,,,,,,,,,,,,,,,,,,,,,,,,,,,,,,,,,,,S17.30,,,P17.32,,,,T17.38,,,,,,,,,
17:22,Ramsgate,Pass,Brs 4-6-0,Victoria,S17.22,,S17.26,S17.30,,S17.36/17.39,S17.44,S17.49,,,S18.00/18.02,,S18.08,S18.12,,,S18.23/18.36,,,S18.47/18.49,,,,,,,,,,,,,S19.01/19.03,,S19.07/19.10,,P19.12,,,P19.13,,,P19.25,,,,,,,P19.36,,,,,,,S19.45/19.47,,,,P19.52,,,,,,,,,P20.00,,P20.01,,,,T20.07,,,,,,,,,
17:26,Sevenoaks,Pass,EMU,Holbourn Viaduct,,,,,,,,,,,,,,,,,,,,,,,,,,,,,,,,,,,,,,,,,,,,,,,,,,S17.45,S17.50,,,S17.55,,S17.56/17.57,,T18.00,,,,,,,,,,,,,,,,,,,,,,,,,,,
17:29,Sittingbourne,Pass,2-6-2T,Sheerness,,,,,,,,,,,,,,,,,,,,S17.29,,P17.30,P17.31,,S17.34,,S17.40,S17.44,T17.52,,,,,,,,,,,,,,,,,,,,,,,,,,,,,,,,,,,,,,,,,,,,,,,,,,,,,,,,
17:32,Ashford,Pass,2-6-4T,Faversham,,,,,,,,,,,,,,,,,T19.27,,,,,,,,,,,,,,,,,,,,,,,,,,,,,,,,,,,,,,,,,,,,,,,,,,,,,,,,,,,,S18.30,S18.36,S18.44,S18.49,S18.52,S18.55,S19.01,S19.06/19.08,S19.21
17:34,Bickley,Pass,EMU,Holbourn Viaduct,,,,,,,,,,,,,,,,,,,,,,,,,,,,,,,,,,,,,,,,,,,,,,,,,,,,,,,S17.34,,S17.36/17.37,,P19.39,,S17.41,,,,,,,,,S17.48,T17.49,,,,,,,,,,,,,,
17:40,Dover,Pass,D1 4-4-0,Faversham,,,,,,,,,,,,,,,,,T18.30,,,,,,,,,,,,,,,,,,,,,,,,,,,,,,,,,,,,,,,,,,,,,,,,,,,,,,,,,,,,S17.40,S17.46,S17.53,S17.57,,,,S18.09/18.11,S18.24
17:44,Sevenoaks,Pass,EMU,Holbourn Viaduct,,,,,,,,,,,,,,,,,,,,,,,,,,,,,,,,,,,,,,,,,,,,,,,,,,S18.04,S18.09,,,S18.16,,S18.17/18.20,,S18.27,,,,,,,,,,,,,,,,,,,,,,,,,,,
17:45,Orpington,Pass,EMU,Holbourn Viaduct,,,,,,,,,,,,,,,,,,,,,,,,,,,,,,,,,,,,,,,,,,,,,,,,,,,,,,,S17.54,S17.57/17.58,,,S18.00,,S18.04,,,S18.06,S18.08,,S18.12,,,T18.15,,,,,,,,,,,,,,,
17:49,Bickley,Pass,EMU,Victoria,,,,,,,,,,,,,,,,,,,,,,,,,,,,,,,,,,,,,,,,,,,,,,,,,,,,,,,S17.49,,S17.51/17.52,,S17.54,,S17.57,,,S17.59,S18.01,S18.04,S18.06,,,S18.09,,S18.11,,,,T18.16,,,,,,,,,
17:50,Gillingham,Pass,EMU,Cannon St,,,,,,,,,,,,,,,,,,,,,,,,,,,,,,,,,,S17.50,S17.53/17.55,,S17.56/17.57,,,T17.58,,,,,,,,,,,,,,,,,,,,,,,,,,,,,,,,,,,,,,,,,,,,,
17:54,Gillingham,Pass,EMU,Victoria,,,,,,,,,,,,,,,,,,,,,,,,,,,,,,,,,,S17.54,S17.57/17.59,,S18.00/18.01,,,P18.03,,,S18.13,,S18.15,S18.20,,S18.24,,S18.33,,,,,,S18.41/18.43,,P18.47,,,P18.50,,,,,,,,P18.54,,,P18.55,,,,T19.00,,,,,,,,,
17:57,Sittingbourne,Pass,2-6-2T,Sheerness,,,,,,,,,,,,,,,,,,,,S17.57,,P17.58,P17.59,,S18.02,,,S18.08,T18.18,,,,,,,,,,,,,,,,,,,,,,,,,,,,,,,,,,,,,,,,,,,,,,,,,,,,,,,,
17:58,Maidstone,Pass,2-6-4T,Margate,S19.53,,S19.57,S20.01,T20.07,,,,,,,,,,,,,,,,,,,,,,,,,,,,,,,,,,,,,,,,,,,,,,,,,,,,,,,,,,,,,,,,,,,,,,,,,,,,,,,,
18:00,Orpington,Pass,EMU,Victoria,,,,,,,,,,,,,,,,,,,,,,,,,,,,,,,,,,,,,,,,,,,,,,,,,,,,,P18.05,,S18.07,,S18.10/18.14,,S18.16,,S18.19,,,S18.21,S18.23,S18.26,S18.28,,,S18.30,,S18.32,,,,T18.38,,,,,,,,,
18:00,Ramsgate,Goods,Brs 4-6-0,Herne Bay?,S18.00,,,S18.10/18.54,S19.02/20.08,,P20.17,S20.24/21.08,,,,S21.48,,,,,,,,,,,,,,,,,,,,,,,,,,,,,,,,,,,,,,,,,,,,,,,,,,,,,,,,,,,,,,,,,,,,,,,,,
18:02,Sevenoaks,Pass,EMU,Holbourn Viaduct,,,,,,,,,,,,,,,,,,,,,,,,,,,,,,,,,,,,,,,,,,,,,,,,,,S18.24,S18.29,,,S18.34,,S18.36/18.37,,T18.40,,,,,,,,,,,,,,,,,,,,,,,,,,,
18:08,Gillingham,Pass,EMU,Charing Cross,,,,,,,,,,,,,,,,,,,,,,,,,,,,,,,,,,S18.08,S18.11/18.12,,S18.14/18.15,,,T18.16,,,,,,,,,,,,,,,,,,,,,,,,,,,,,,,,,,,,,,,,,,,,,
18:10,Dover,Boat,MN 4-6-2,Victoria,,,,,,,,,,,,,,,,,,,,,,,,,,,,,,,,,,,,,,,,,,,,,,,,,,,,,P19.29,,,P19.32,,P19.33,,,P19.35,,,,,,,,P19.43,,,P19.44,,,,T19.50,,,,,,,,,
18:20,Bickley,Pass,EMU,Holbourn Viaduct,,,,,,,,,,,,,,,,,,,,,,,,,,,,,,,,,,,,,,,,,,,,,,,,,,,,,,,S18.20,,S18.22/18.23,,P18.25,,P18.27,,,,,,,,T18.34,,,,,,,,,,,,,,,,
18:20,Orpington,Pass,EMU,Victoria,,,,,,,,,,,,,,,,,,,,,,,,,,,,,,,,,,,,,,,,,,,,,,,,,,,,,P18.25,S18.30,,S18.33/18.34,,S18.36,,,S18.39,,S18.41,,S18.43,S18.46,S18.48,,S18.50,,,S18.52,,,,T18.58,,,,,,,,,
18:22,Sevenoaks,Pass,EMU,Holbourn Viaduct,,,,,,,,,,,,,,,,,,,,,,,,,,,,,,,,,,,,,,,,,,,,,,,,,,,,,P18.52,S18.54,,S18.56/18.57,,T19.00,,,,,,,,,,,,,,,,,,,,,,,,,,,
18:42,Gillingham,Pass,EMU,Cannon St,,,,,,,,,,,,,,,,,,,,,,,,,,,,,,,,,,S18.42,S18.45/18.47,,S18.48/18.49,,,T18.50,,,,,,,,,,,,,,,,,,,,,,,,,,,,,,,,,,,,,,,,,,,,,
18:42,Orpington,Pass,EMU,Victoria,,,,,,,,,,,,,,,,,,,,,,,,,,,,,,,,,,,,,,,,,,,,,,,,,,,,,P18.47,,S18.49,,S18.51/18.52,,S18.54,,S18.57,,,S18.59,S19.01,S19.04,S19.06,,,S19.08,,S19.11,,,,T19.16,,,,,,,,,
18:42,Sevenoaks,Pass,EMU,Holbourn Viaduct,,,,,,,,,,,,,,,,,,,,,,,,,,,,,,,,,,,,,,,,,,,,,,,,,,,,,P19.12,S19.14,,S19.16/19.17,,S19.20,,,,,,,,,,,,,,,,,,,,,,,,,,,
18:50,Dover,Goods,N2-6-0,Hoo Junction,,S22.35,,,,P22.44,,,,,,P23.14,,,,,S23.40/01.15,,,,P01.35,,,,,,,,,,,,S02.02/02.15,,,P02.18,,P02.21,S02.23/03.05,T03.08,,,,,,,,,,,,,,,,,,,,,,,,,,,,,,,,,,,,,,,,,,,,,
18:54,Gillingham,Pass,EMU,Victoria,,,,,,,,,,,,,,,,,,,,,,,,,,,,,,,,,,S18.54,S18.57/18.59,,S19.00/19.01,,,P19.03,,,S19.13,,S19.15,S19.19,,S19.24,,S19.33,,,,,,S19.42/19.43,,P19.47,,,,,,,,,,,P19.53,,,P19.54,,,,T19.59,,,,,,,,,
19:02,Sevenoaks,Pass,EMU,Holbourn Viaduct,,,,,,,,,,,,,,,,,,,,,,,,,,,,,,,,,,,,,,,,,,,,,,,,,,S19.24,S19.29,,,S19.34,,S19.36/19.37,,T19.40,,,,,,,,,,,,,,,,,,,,,,,,,,,
19:05,Sheerness,Pass,C & LM2,Chatham,,,,,,,,,,,,,,,,,,,,S19.25/19.30,,P19.24,P19.23,,S19.20,,,S19.13,S19.05,,S19.37,S19.43,S19.48/19.49,,T19.53,,,,,,,,,,,,,,,,,,,,,,,,,,,,,,,,,,,,,,,,,,,,,,,,,,
19:07,Orpington,Pass,EMU,Victoria,,,,,,,,,,,,,,,,,,,,,,,,,,,,,,,,,,,,,,,,,,,,,,,,,,,,,P19.12,,S19.14,,S19.16/19.17,,S19.19,,S19.22,,,,S19.25,,,,,S19.31,,S19.33,,,,T19.38,,,,,,,,,
19:09,Gillingham,Pass,EMU,Charing Cross,,,,,,,,,,,,,,,,,,,,,,,,,,,,,,,,,,S19.09,S19.12/19.14,,S19.15/19.17,,,T19.18,,,,,,,,,,,,,,,,,,,,,,,,,,,,,,,,,,,,,,,,,,,,,
19:12,Tonbridge,Pass,L4-4-0,Margate,S21.35,,S21.39,S21.43,T21.49,,,,,,,,,,,,,,,,,,,,,,,,,,,,,,,,,,,,,,,,,,,,,,,,,,,,,,,,,,,,,,,,,,,,,,,,,,,,,,,,
19:15,Charing Cross,XP,wc,Margate,S21.48,,S21.52,S21.56,T22.02,,,,,,,,,,,,,,,,,,,,,,,,,,,,,,,,,,,,,,,,,,,,,,,,,,,,,,,,,,,,,,,,,,,,,,,,,,,,,,,,
19:17,Teynham,Goods,2-6-2T,Gillingham,,,,,,,,,,,,,,,,,,S19.17,,,S19.23/19.58,,,,,,,,,,S20.08/20.58,S21.04/21.34,,T21.40,,,,,,,,,,,,,,,,,,,,,,,,,,,,,,,,,,,,,,,,,,,,,,,,,,,
19:20,Orpington,Pass,EMU,Victoria,,,,,,,,,,,,,,,,,,,,,,,,,,,,,,,,,,,,,,,,,,,,,,,,,,,,,P19.25,S19.30,,,S19.32/19.33,,S19.35,,S19.38,,,S19.40,S19.42,S19.45,S19.47,,,S19.50,,S19.52,,,,T19.57,,,,,,,,,
19:22,Sevenoaks,Pass,EMU,Holbourn Viaduct,,,,,,,,,,,,,,,,,,,,,,,,,,,,,,,,,,,,,,,,,,,,,,,,,,S19.44,S19.49,,,S19.54,,S19.56/19.57,,T20.00,,,,,,,,,,,,,,,,,,,,,,,,,,,
19:35,Chatham,Goods,N2-6-0,Fawkham ?,,,,,,,,,,,,,,,,,,,,,,,,,,,,,,,,,,,,,,,S19.35,P19.40,,,P20.02,,,,T20.10,,,,,,,,,,,,,,,,,,,,,,,,,,,,,,,,,,,,,,
19:35,Ramsgate,Pass,E1 4-4-0,Holbourn Viaduct,,,,,,,,,,,,,,,,,,,,,,,,,,,,,,,,,,,,,,,,,,,,,,,,,,S23.18,,,,,,S23.30/23.32,,P23.34,,,P23.36,,,,,,,,,,T23.45,,,,,,,,,,,,,,
19:35,S'Cliffe,Goods,N2-6-0,Faversham,,,,,,,,,,,,,,,,,S00.50,,,,,,,,,,,,,,,,,,,,,,,,,,,,,,,,,,,,,,,,,,,,,,,,,,,,,,,,,,,,P21.50,,,S22.35/00.00,,,,P00.20,
19:39,Faversham,Pass,D1 4-4-0,Gillingham,,,,,,,,,,,,,,,,S19.39,,,,S19.50/19.51,,,,,,,,,,,,S20.01,,T20.06,,,,,,,,,,,,,,,,,,,,,,,,,,,,,,,,,,,,,,,,,,,,,,,,,,,
19:40,Gillingham,Pass,EMU,Cannon St,,,,,,,,,,,,,,,,,,,,,,,,,,,,,,,,,,S19.40,S19.43/19.47,,S19.48/19.49,,,T19.50,,,,,,,,,,,,,,,,,,,,,,,,,,,,,,,,,,,,,,,,,,,,,
19:42,Orpington,Pass,EMU,Victoria,,,,,,,,,,,,,,,,,,,,,,,,,,,,,,,,,,,,,,,,,,,,,,,,,,,,,P19.47,,S19.49,,S19.51/19.52,,S19.54,,S19.57,,,S19.59,S20.01,S20.04,S20.06,,,S20.08,,S20.11,,,,T20.16,,,,,,,,,
19:42,Sevenoaks,Pass,EMU,Holbourn Viaduct,,,,,,,,,,,,,,,,,,,,,,,,,,,,,,,,,,,,,,,,,,,,,,,,,,,,,P20.12,S20.14,,S20.16/20.17,,S20.20,,,,,,,,,,,,,,,,,,,,,,,,,,,
19:45,Ramsgate,XP,Brs 4-6-0,Victoria,S19.45,,S19.49,S19.53,,S19.59/20.02,S20.07,S20.12,,,S20.23/20.25,,S20.31,S20.37,,S20.47/20.50,,,,S21.01/21.03,,,,,,,,,,,,,S21.16/21.18,,S21.22/21.29,,P21.31,,,P21.32,,,P21.45,,,,,,,P21.55,,,,,,S22.05/22.07,,,,,P22.11,,,,,,,,P22.19,,,P22.20,,,,T22.26,,,,,,,,,
19:45,Sittingbourne,Pass,2-6-2T,Sheerness,,,,,,,,,,,,,,,,,,,,S19.45,,P19.46,P19.47,,S19.50,,,S20.01,T20.07,,,,,,,,,,,,,,,,,,,,,,,,,,,,,,,,,,,,,,,,,,,,,,,,,,,,,,,,
19:48,Dover,Pass,U1 2-6-0,Faversham,,,,,,,,,,,,,,,,,T20.45,,,,,,,,,,,,,,,,,,,,,,,,,,,,,,,,,,,,,,,,,,,,,,,,,,,,,,,,,,,,S19.48,S19.54,S20.02,S20.07,S20.10,S20.13,S20.19,S20.24/20.26,S20.39
19:54,Gillingham,Pass,EMU,Victoria,,,,,,,,,,,,,,,,,,,,,,,,,,,,,,,,,,S19.54,S19.57/19.59,,S20.00/20.01,,,P20.03,,,S20.13,,S20.15,S20.20,,S20.24,,S20.33,,,,,,S20.42/20.43,,P20.47,,,,,,,,,,,P20.53,,,P20.54,,,,T20.59,,,,,,,,,
19:57,Swanley,parcels,EMU,Holbourn Viaduct,,,,,,,,,,,,,,,,,,,,,,,,,,,,,,,,,,,,,,,,,,,,,,,,,,S19.57,S20.05,,,,,,S20.14/20.20,,,,S20.24/20.40,,,S20.49,S20.54,,,,,T20.59,,,,,,,,,,,,,,,
20:00,Dover,Goods,N2-6-0,Hither Green,,,,,,,,,,,,,,,,,S22.50/23.50,,,,P00.10,,,,,,,,,,,,,S00.35/00.55,,P01.00,,P01.05,,T01.08,,,,,,,,,,,,,,,,,,,,,,,,,,,,,,,,,,,,,P20.10,,S20.30/21.00,,,,,S21.25/22.16,
20:00,Gravesend,Goods,C 0-6-0,BLA,,,,,,,,,,,,,,,,,,,,,,,,,,,,,,,,,,,,,,,,,,,,,,,,S21.58,,P22.09,P22.16,T22.19,,,,,,,,,,,,,,,,,,,,,,,,,,,,,,,,,
20:02,Orpington,Pass,EMU,Victoria,,,,,,,,,,,,,,,,,,,,,,,,,,,,,,,,,,,,,,,,,,,,,,,,,,,,,P20.07,,S20.09,,S20.11/20.12,,S20.14,,S20.17,,,S20.19,S20.21,S20.24,S20.26,,,S20.28,,S20.31,,,,T20.37,,,,,,,,,
20:02,Sevenoaks,Pass,EMU,Holbourn Viaduct,,,,,,,,,,,,,,,,,,,,,,,,,,,,,,,,,,,,,,,,,,,,,,,,,,,,,P20.32,S20.34,,S20.36/20.37,,T20.40,,,,,,,,,,,,,,,,,,,,,,,,,,,
20:04,Orpington,ECS,EMU,Bickley,,,,,,,,,,,,,,,,,,,,,,,,,,,,,,,,,,,,,,,,,,,,,,,,,,,,,P20.10,,T20.12,,,,,,,,,,,,,,,,,,,,,,,,,,,,,,
20:08,Gillingham,Pass,EMU,Charing Cross,,,,,,,,,,,,,,,,,,,,,,,,,,,,,,,,,,S20.08,S20.11/20.13,,S20.15/20.17,,,T20.18,,,,,,,,,,,,,,,,,,,,,,,,,,,,,,,,,,,,,,,,,,,,,
20:18,Orpington,Pass,EMU,Victoria,,,,,,,,,,,,,,,,,,,,,,,,,,,,,,,,,,,,,,,,,,,,,,,,,,,,,P20.23,S20.29,,S20.32/20.33,,S20.35,,,S20.38,,S20.40,,S20.42,S20.45,S20.47,,S20.50,,,S20.51,,,,T20.57,,,,,,,,,
20:22,Fawkham,Goods,N2-6-0,Waddon,,,,,,,,,,,,,,,,,,,,,,,,,,,,,,,,,,,,,,,,,,,,,,,S20.22,P20.29,,P20.47,,,,,,P21.05,,,,,S21.10,,,,,,,,,,,,,,,,,,,,,,,,
20:27,Gillingham,Pass,EMU,Victoria,,,,,,,,,,,,,,,,,,,,,,,,,,,,,,,,,,S20.27,S20.30/20.32,,S20.34/20.35,,,P20.37,,,S20.47,,S20.49,S20.53,,S20.58,,S21.11,,,,,,S21.21/21.22,,,,,P21.25,,,,,,,,P21.32,,,P21.33,,,,T21.39,,,,,,,,,
20:40,Ashford,Goods,N1 2-6-0,Hither Green,,,,,,,,,,,,,,,,,,,,,,,,,,,,,,,,,,,,,,,,,,,,,,,,,P23.05,,,P23.15,,,,,,,,,,,,,,,,,,,,,,,,,,,,,,,,,
20:42,Gillingham,Pass,EMU,Charing Cross,,,,,,,,,,,,,,,,,,,,,,,,,,,,,,,,,,S20.42,S20.45/20.47,,S20.48/20.49,,,T20.50,,,,,,,,,,,,,,,,,,,,,,,,,,,,,,,,,,,,,,,,,,,,,
20:42,Orpington,Pass,EMU,Victoria,,,,,,,,,,,,,,,,,,,,,,,,,,,,,,,,,,,,,,,,,,,,,,,,,,,,,P20.47,,S20.49,,S20.51/20.52,,S20.54,,S20.57,,,S20.59,S21.01,S21.04,S21.06,,,S21.08,,S21.11,,,,T21.16,,,,,,,,,
20:42,Sevenoaks,Pass,EMU,Holbourn Viaduct,,,,,,,,,,,,,,,,,,,,,,,,,,,,,,,,,,,,,,,,,,,,,,,,,,,,,P21.12,S21.14,,S21.16/21.17,,S21.20,,,,,,,,,,,,,,,,,,,,,,,,,,,
20:51,Sittingbourne,Pass,2-6-2T,Sheerness,,,,,,,,,,,,,,,,,,,,S20.51,,P20.52,P20.53,,S21.56,,,S21.04,T21.10,,,,,,,,,,,,,,,,,,,,,,,,,,,,,,,,,,,,,,,,,,,,,,,,,,,,,,,,
20:54,Gillingham,Pass,EMU,Victoria,,,,,,,,,,,,,,,,,,,,,,,,,,,,,,,,,,S20.54,S20.57/20.59,,S21.00/21.01,,,P21.03,,,S21.13,,S21.15,S21.20,,S21.24,,S21.33,,,,,,S21.42/21.43,,P21.47,,,,,,,,,,,P21.53,,,P21.54,,,,T21.59,,,,,,,,,
20:55,Chatham,Goods,C 0-6-0,Hoo Junction,,,,,,,,,,,,,,,,,,,,,,,,,,,,,,,,,,,,,,,S20.55,T20.58,,,,,,,,,,,,,,,,,,,,,,,,,,,,,,,,,,,,,,,,,,,,,
20:59,Gillingham,parcels,EMU,Cannon St,,,,,,,,,,,,,,,,,,,,,,,,,,,,,,,,,,S20.59,,S21.04/21.19,,S21.22/21.44,,P21.46,,,,,,,,,,,,,,,,,,,,,,,,,,,,,,,,,,,,,,,,,,,,,
21:02,Orpington,Pass,EMU,Victoria,,,,,,,,,,,,,,,,,,,,,,,,,,,,,,,,,,,,,,,,,,,,,,,,,,,,,P21.07,,S21.09,,S21.11/21.12,,S21.14,,S21.17,,,S21.19,S21.21,S21.24,S21.26,,,S21.28,,S21.31,,,,T21.37,,,,,,,,,
21:02,Sevenoaks,Pass,EMU,Holbourn Viaduct,,,,,,,,,,,,,,,,,,,,,,,,,,,,,,,,,,,,,,,,,,,,,,,,,,S21.24,S21.29,,,S21.34,,S21.36/21.37,,T21.40,,,,,,,,,,,,,,,,,,,,,,,,,,,
21:10,Gillingham,Pass,EMU,Charing Cross,,,,,,,,,,,,,,,,,,,,,,,,,,,,,,,,,,S21.10,S21.13/21.15,,S21.16/21.17,,,T21.18,,,,,,,,,,,,,,,,,,,,,,,,,,,,,,,,,,,,,,,,,,,,,
21:10,Orpington,ECS,EMU,Bickley,,,,,,,,,,,,,,,,,,,,,,,,,,,,,,,,,,,,,,,,,,,,,,,,,,,,,P21.14,,T21.16,,,,,,,,,,,,,,,,,,,,,,,,,,,,,,
21:10,Ramsgate,Pass,L4-4-0,Charing Cross,S21.10,,S21.14,S21.19,,S21.25/21.28,S21.33,S21.38,,,S21.49/21.51,,S21.57,S22.02,,S22.12/22.15,,S22.24,,S22.30/22.33,,,,,,,,,,,,S22.43,S22.48/22.49,,,S22.53/23.02,,S23.04/23.05,,T23.06,,,,,,,,,,,,,,,,,,,,,,,,,,,,,,,,,,,,,,,,,,,,,
21:10,Sittingbourne,Pass,2-6-2T,Sheerness,,,,,,,,,,,,,,,,,,,,S21.10,,P21.11,P21.12,,S21.15,,S21.21,S21.25,T21.35,,,,,,,,,,,,,,,,,,,,,,,,,,,,,,,,,,,,,,,,,,,,,,,,,,,,,,,,
21:13,Dover,Pass,2-6-4T,Faversham,,,,,,,,,,,,,,,,,T22.10,,,,,,,,,,,,,,,,,,,,,,,,,,,,,,,,,,,,,,,,,,,,,,,,,,,,,,,,,,,,S21.13,S21.19,S21.27,S21.32,S21.35,S21.38,S21.44,S21.49/21.51,S22.04
21:15,West Malling,Goods,N1 2-6-0,St Mary Cray,,,,,,,,,,,,,,,,,,,,,,,,,,,,,,,,,,,,,,,,,,,,,,,,,,S00.19,T00.26,,,,,,,,,,,,,,,,,,,,,,,,,,,,,,,,,,
21:22,Orpington,Pass,EMU,Victoria,,,,,,,,,,,,,,,,,,,,,,,,,,,,,,,,,,,,,,,,,,,,,,,,,,,,,P21.27,,S21.29,,S21.31/21.32,,S21.34,,S21.37,,,S21.39,S21.41,S21.44,S21.46,,,S21.49,,S21.51,,,,T21.56,,,,,,,,,
21:22,Sevenoaks,Pass,EMU,Holbourn Viaduct,,,,,,,,,,,,,,,,,,,,,,,,,,,,,,,,,,,,,,,,,,,,,,,,,,S21.44,S21.49,,P21.51,S21.54,,S21.56/21.57,,T22.00,,,,,,,,,,,,,,,,,,,,,,,,,,,
21:22,deleteme,Pass,EMU,Holbourn Viaduct,,,,,,,,,,,,,,,,,,,,,,,,,,,,,,,,,,,,,,,,,,,,,,,,,,T22.22,,,,,,,,,,,,,,,,,,,,,,,,,,,,,,,,,,,
21:35,Dover,Goods,NI5,Hither Green,,,,,,,,,,,,,,,,,,,,,,,,,,,,,,,,,,,,,,,,,,,,,,,,,,P03.25,P03.27,T03.35,,,,,,,,,,,,,,,,,,,,,,,,,,,,,,,,,
21:36,Ashford,Pass,L4-4-0,Margate,S22.41,,S22.45,S22.49,T22.55,,,,,,,,,,,,,,,,,,,,,,,,,,,,,,,,,,,,,,,,,,,,,,,,,,,,,,,,,,,,,,,,,,,,,,,,,,,,,,,,
21:40,Faversham,Pass,C 0-6-0,Sheerness,,,,,,,,,,,,,,,,S21.40,,S21.49,,S21.55/22.00,,T22.01,,,,,,,,,,,,,,,,,,,,,,,,,,,,,,,,,,,,,,,,,,,,,,,,,,,,,,,,,,,,,,,
21:40,Gillingham,Pass,EMU,Charing Cross,,,,,,,,,,,,,,,,,,,,,,,,,,,,,,,,,,S21.40,S21.43/21.46,,S21.48/21.49,,,T21.50,,,,,,,,,,,,,,,,,,,,,,,,,,,,,,,,,,,,,,,,,,,,,
21:42,Orpington,Pass,EMU,Victoria,,,,,,,,,,,,,,,,,,,,,,,,,,,,,,,,,,,,,,,,,,,,,,,,,,,,,P21.47,,S21.49,,S21.51/21.52,,S21.54,,S21.57,,,S21.59,S22.01,S22.04,S22.06,,,S22.08,,S22.11,,,,T22.16,,,,,,,,,
21:42,Queenborough,Goods,C 0-6-0,BLA,,,,,,,,,,,,,,,,,,,,,,,,,,,,,,P22.02,P22.08,P22.14,,S22.22/22.40,,P22.44,,P22.46,S22.48/23.15,T23.20,,,,,,,,,,,,,,,,,,,,,,,,,,,,,,,,,,,,,,,,,,,,,
21:42,Sevenoaks,Pass,EMU,Holbourn Viaduct,,,,,,,,,,,,,,,,,,,,,,,,,,,,,,,,,,,,,,,,,,,,,,,,,,S22.04,S22.09,,,S22.14,,S22.16/22.17,,T22.20,,,,,,,,,,,,,,,,,,,,,,,,,,,
21:54,Gillingham,Pass,EMU,Victoria,,,,,,,,,,,,,,,,,,,,,,,,,,,,,,,,,,S21.54,S21.57/21.59,,S22.00/22.01,,,P22.03,,,S22.13,,S22.15,S22.20,,S22.24,,S22.33,,,,,,S22.42/22.43,,P22.47,,,,,,,,,,,P22.53,,,P22.54,,,,T22.59,,,,,,,,,
21:58,Gillingham,Pass,EMU,Charing Cross,,,,,,,,,,,,,,,,,,,,,,,,,,,,,,,,,,S21.58,S22.01/22.03,,S22.05/22.08,,,T22.09,,,,,,,,,,,,,,,,,,,,,,,,,,,,,,,,,,,,,,,,,,,,,
22:00,Orpington,Pass,EMU,Victoria,,,,,,,,,,,,,,,,,,,,,,,,,,,,,,,,,,,,,,,,,,,,,,,,,,,,,P22.05,,S22.09,,S22.12/22.13,,S22.15,,S22.18,,,S22.20,S22.22,S22.25,S22.27,,,S22.30,,S22.32,,,,T22.37,,,,,,,,,
22:02,Sevenoaks,Pass,EMU,Holbourn Viaduct,,,,,,,,,,,,,,,,,,,,,,,,,,,,,,,,,,,,,,,,,,,,,,,,,,S22.24,S22.29,,,S22.34,,S22.36/22.37,,T22.40,,,,,,,,,,,,,,,,,,,,,,,,,,,
22:20,Orpington,Pass,EMU,Victoria,,,,,,,,,,,,,,,,,,,,,,,,,,,,,,,,,,,,,,,,,,,,,,,,,,,,,P22.27,,S22.29,,S22.31/22.32,,S22.34,,S22.37,,,S22.39,S22.41,S22.44,S22.46,,,S22.49,,S22.51,,,,T22.57,,,,,,,,,
22:25,Sevenoaks,Pass,EMU,Holbourn Viaduct,,,,,,,,,,,,,,,,,,,,,,,,,,,,,,,,,,,,,,,,,,,,,,,,,,S22.44,S22.49,,P22.51,S22.54,,S22.56/22.57,,T23.00,,,,,,,,,,,,,,,,,,,,,,,,,,,
22:35,Faversham,Goods,BR5 4-6-0,Brixton,,,,,,,,,,,,,,,,,S22.35,,,P22.50,,,,,,,,,,,,,P23.16,,,,,,S23.21/23.35,P23.40,,,P23.53,,,,,,,P00.10,P00.15,,,P00.26,,P00.29,,,,,P00.35,,,,,,,,,T00.58,,,,,,,,,,,,,,,
22:40,Sevenoaks,Pass,EMU,Blackfriars,,,,,,,,,,,,,,,,,,,,,,,,,,,,,,,,,,,,,,,,,,,,,,,,,S23.00,,S23.05,,,S23.10,,S23.12/23.13,,T23.15,,,,,,,,,,,,,,,,,,,,,,,,,,,
22:42,Orpington,Pass,EMU,Victoria,,,,,,,,,,,,,,,,,,,,,,,,,,,,,,,,,,,,,,,,,,,,,,,,,,,,,P22.47,,S22.49,,S22.51/22.52,,S22.54,,S22.57,,,S22.59,S23.01,S23.04,S23.06,,,S23.08,,S23.11,,,,T23.16,,,,,,,,,
22:45,Gillingham,Pass,EMU,S. GRN,,,,,,,,,,,,,,,,,,,,,,,,,,,,,,,,,,S22.45,S22.48/22.50,,S22.51/22.52,,,T22.53,,,,,,,,,,,,,,,,,,,,,,,,,,,,,,,,,,,,,,,,,,,,,
22:45,Sittingbourne,Pass,2-6-2T,Sheerness,,,,,,,,,,,,,,,,,,,,S22.45,,P22.46,P22.47,,S22.50,,,S22.57,T23.04,,,,,,,,,,,,,,,,,,,,,,,,,,,,,,,,,,,,,,,,,,,,,,,,,,,,,,,,
22:47,Dover,Pass,U1 2-6-0,Faversham,,,,,,,,,,,,,,,,,T23.38,,,,,,,,,,,,,,,,,,,,,,,,,,,,,,,,,,,,,,,,,,,,,,,,,,,,,,,,,,,,S22.47,S22.53,S23.00,S23.05,S23.08,S23.11,,S23.19/23.22,
22:54,Gillingham,Pass,EMU,Victoria,,,,,,,,,,,,,,,,,,,,,,,,,,,,,,,,,,S22.54,S22.57/22.59,,S23.00/23.01,,,P23.03,,,S23.13,,S23.15,S23.20,,S23.24,,S23.33,,,,,,,S23.42/23.43,,S23.46,,S23.49,,,S23.51,S23.53,S23.56,S23.59,,,S00.01,,S00.03,,,,T00.09,,,,,,,,,
22:55,Orpington,Pass,EMU,Victoria,,,,,,,,,,,,,,,,,,,,,,,,,,,,,,,,,,,,,,,,,,,,,,,,,,,,,P23.00,,S23.02,,S23.04/23.05,,S23.07,,S23.11,,,S23.13,S23.15,S23.19,S23.23,,,S23.24,,S23.26,,,,T23.32,,,,,,,,,
23:02,Canterbury,Pass,2-6-2T,Margate,S23.38,,S23.42,S23.47,T23.53,,,,,,,,,,,,,,,,,,,,,,,,,,,,,,,,,,,,,,,,,,,,,,,,,,,,,,,,,,,,,,,,,,,,,,,,,,,,,,,,
23:08,Sevenoaks,Pass,EMU,Holbourn Viaduct,,,,,,,,,,,,,,,,,,,,,,,,,,,,,,,,,,,,,,,,,,,,,,,,,,S23.27,S23.32,,,S23.37,,S23.42/23.43,,T23.45,,,,,,,,,,,,,,,,,,,,,,,,,,,
23:45,Bromley South,Goods,C 0-6-0,Herne Hill,,,,,,,,,,,,,,,,,,,,,,,,,,,,,,,,,,,,,,,,,,,,,,,,,,,,,,,,,S23.45,,,,,,,P00.53,,,,,,T00.13,,,,,,,,,,,,,,,
23:52,Sittingbourne,Pass,C 0-6-0,Sheerness,,,,,,,,,,,,,,,,,,,,S23.52,,P23.53,P23.54,,S23.57,,S00.03,S00.08,T00.13,,,,,,,,,,,,,,,,,,,,,,,,,,,,,,,,,,,,,,,,,,,,,,,,,,,,,,,,
23:55,Gillingham,Goods,C0-6-0,Herne Hill,,,,,,,,,,,,,,,,,,,,,,,,,,,,,,,,,S23.55,,,,,,S00.06/00.35,P00.40,,,P01.10,,,,,S01.22/01.43,,P01.57,S02.05/02.25,,,,,P02.35,,,,,P02.42,,,,,,,,,T03.05,,,,,,,,,,,,,,,
